userName,score,at,content
Putry donggi,1,2022-01-18 22:26:50,Susah cri pengemudi saat cuaca hujan
21 114 Sukma abdil mahbub,5,2022-01-18 22:16:25,mantep
Putra Isham,5,2022-01-18 19:41:21,good
LYRIQUE PROJECT,5,2022-01-18 19:26:35,pengemudi sangat ramah
evan predator,5,2022-01-18 18:41:17,sangaaaatt baik dan jujur terpercaya respon pelayanan baik maksi
Ihsan Salele,5,2022-01-18 18:25:49,Mantap
Rully Egi,5,2022-01-18 18:20:48,good job
suriyat nurjana,5,2022-01-18 17:50:18,ğŸ‘ŒğŸ‘ŒğŸ‘ğŸ»ğŸ‘ğŸ»ğŸ‘ğŸ»ğŸ‘ğŸ»ğŸ‘ğŸ»ğŸ‘ğŸ»ğŸ‘ğŸ»ğŸ‘ğŸ»ğŸ‘ğŸ»
Muhammad Zainul Ma'arif Firdaus,5,2022-01-18 17:37:31,Harga yang sangat terjangkau bagi konsumen ketimbang Ojol sebelah. Next masukin juga fitur dompet online dan munculin menu yang lebih banyak seperti food nya jadi bisa pesen makanan lebih gampang
Israh Israh,1,2022-01-18 17:22:25,mantap
Mahmud Tue,5,2022-01-18 17:18:41,mksh pak. so antar sampe rumah
Tarko Koko,4,2022-01-18 17:13:29,Layanan bagus...mkcih
Uli Sitompul,5,2022-01-18 17:13:21,keren
Item Putih,5,2022-01-18 16:54:18,mantabs bro
Junita Manik,4,2022-01-18 16:46:02,ğŸ˜
RGONE MAPA,4,2022-01-18 16:41:25,Sangat membantu
doni Nafala12,5,2022-01-18 16:40:15,saya suka saya suka
Mank Dadank Teak,1,2022-01-18 16:39:54,pengemudi minta tambah ongkos diluar aplikasi an miftahul khoir mbil ertiga putih
Nina Ariesta,5,2022-01-18 16:38:56,baik
Jk Bangtan,5,2022-01-18 16:36:42,"murah, ramah, dan baik"
Dewi Dewi,5,2022-01-18 16:27:20,sangat mantap
Aconk Hasan,5,2022-01-18 16:16:16,selalu ada diingatan setiap saat
Ningsih Kharisma,5,2022-01-18 16:02:35,terima kasih
Rendy ChennelYou,5,2022-01-18 15:48:32,mantap
Pramita Mutia,3,2022-01-18 15:43:47,"Malesnya klo naik yg mobil,,ac nya selalu sengaja dimatiin dgn alasan ""lg d perbaiki ka"" gk semua emank,tp hampir tiap naik yg mobil gt semua Sementang lbh murah dr yg sblh,y gk gt jg ma penumpangnya dunk.."
oky dewantara,5,2022-01-18 15:38:59,terima kasih
Azka Raffasya,5,2022-01-18 15:31:22,sangat baik ...
Maria Okvisila Dayu Poerba,1,2022-01-18 15:22:07,"Pelayanan membuat saya kurang senang. Ada 1 pangendara yang sering saya dapat dan dia sangat tidak berkompeten. Dia tidak memakai seragam maxim yang seharusnya, tapi memakai jaket mitra lain, yang membuat saya kurang nyaman. Saya Sangat Menyesal sering mendapatkan Pengendara itu, yang tidak berkompeten. Dengan Nama Sugiyarto dengan nopol AD4311RO. Tolong ditindak lanjuti. Sangat tidak memuaskan."
Iyus Rusli,5,2022-01-18 15:16:29,"mantap, sopir nya sopan dan perhatian"
Heka surya nugraha Heka,5,2022-01-18 15:04:40,mantapppp cpt sampai
Suwarni Uti,5,2022-01-18 14:54:31,terimakasih pak
Sangapta Ginting,5,2022-01-18 14:51:47,mantap gan
AZHAR,5,2022-01-18 14:43:16,mantabb
Amel Lakoro,5,2022-01-18 14:41:56,draver baik
Riapurnama Sari,5,2022-01-18 14:40:00,Sopan & cepat
Rama LT,5,2022-01-18 14:35:34,mantap
Muh Beck,1,2022-01-18 14:28:58,Saya mau melapor pada pihak maxim agar memberikan hukuman kepada pengemudi yang bernama Sahril dengan nomor plat kendaraan B 1170 FIT mobil Sigra warna hitam karena membawa kendaraan dengan ugal ugalan dan tidak ramah kepada penumpang. Tolong untuk pihak maxim agar di tindak lanjuti .
Yanto Napu,5,2022-01-18 14:28:40,Suka
Selfy Asmarani,1,2022-01-18 14:19:27,"nyesel naik maxim.. masa iyaaa sy bayarnya jadi 80 lebih padahal dri 37 ribu grab aja jatuhnya paling mahal tanpa promo cuman 50'an, tau gitu gw naik grab aja tadi.. drivernya jg yaaaa ampun bikin emosi bertele-tele banget.., harusnya bilang aja kalau minta ditambah biayanya... ini giliran gue berbaik hati mau nambah ehhh mintanya busyet jauh banget.. padahal gue sering naik maxim tpi baru kali ini dapat driver yg kya gini.."
Ceik chen,5,2022-01-18 14:12:50,keren
Widya Ningsih,5,2022-01-18 14:10:07,"mksh yah mas ujan"" mau nganterin smoga bnyak rezekinya yah amiin ğŸ¤²ğŸ¤²"
Hendry Candra,5,2022-01-18 14:05:46,bagus
ali 93,5,2022-01-18 14:04:15,ok
Yudi Mulyadi,5,2022-01-18 14:02:30,mantap
Dede Indra,5,2022-01-18 14:01:49,drivernya ramah. Mudah digunakan.
Choirum Alfi,5,2022-01-18 13:49:31,murah tapi maps nya agak susah
Aldho Ajh,5,2022-01-18 13:38:24,ramah
Agus Ariyansah,2,2022-01-18 13:36:41,"Kemaren w kasih bintang 5, sekarang w turunin jdi 2, sudah kesekian kalinya tiap order selalu dpt driver yg jaraknya jauh, padahal yg deket banyak.ğŸ‘"
Arif Sunandar07,4,2022-01-18 13:34:20,Mantap aplikasinya cocok untuk transportasi
Ade Solihin,5,2022-01-18 13:28:15,deiver nya ok... experience...
Astari Andriani,5,2022-01-18 13:24:18,sangat bagus
indro wasito,5,2022-01-18 13:17:42,"sehat terus pak,, dan dimudahkan rezekinya aamiin"
Wulan Daud,5,2022-01-18 13:16:39,ramah
ferdi ali,5,2022-01-18 13:07:36,baik sekali
Rahma rahma,1,2022-01-18 13:06:30,kurang ajar
Fitri Fitri,5,2022-01-18 13:04:54,"pelayanan sangat bagus, dan ramah"
Rhedo Afrian,5,2022-01-18 12:40:44,drevernya ramah
Alunan nirwana Matahari,5,2022-01-18 12:37:07,mksh mas
Lisna Waruwu,5,2022-01-18 12:30:01,Thankyou
Nayla Asyfa,5,2022-01-18 12:26:19,Bagus sekali
austin almayda,5,2022-01-18 12:08:06,Harganya bersahabat banget.. Fast respon juga..
Putri Ramasari,1,2022-01-18 12:00:00,"saya order drivernya selalu telat.. dan sya order 1, tapi yg dtang 2 .. dan drivernya banyak yg ga sopan..kasar"
Resty Widiawati,1,2022-01-18 11:49:03,Perbaiki lagi bos..masa nyari lokasi aja gak bisa..ngetik apa muncul apa
Inda Ramatika,1,2022-01-18 11:41:24,Apk menguji kesabaran
AKBAR Dolen,2,2022-01-18 11:37:15,Suka error
afida tul hasanah,5,2022-01-18 11:34:45,baik dan sangat ramah
Indri Sri rejeki,5,2022-01-18 11:33:50,sangat ramah
Evi suinzy Marpaung,5,2022-01-18 11:27:26,sangat bagus pelayanannya ramah murah
Lilis Abdul,5,2022-01-18 11:25:56,luar biasa seneng nemuin aplikasi ini harga terjangkau dg kualitas yg sama dg aplikasi yg lain sukses dan semangat ya tingkatkan trs kualitas biar gak tertandingi
Mohammed Husni,5,2022-01-18 11:24:58,tepat waktu
Dimas Tedjo,5,2022-01-18 11:11:24,makasih buat Abang maximnya ğŸ¤—
Tri Purweni,5,2022-01-18 11:11:06,"driver yg amanah ramah dan cepat pengirimannya. semoga driver selalu amanah, terimakasih ğŸ™"
Fenisa Zahra,5,2022-01-18 11:06:27,Makasih
aanmarhatiyah yusuf,5,2022-01-18 10:55:33,ramah dan amanah ğŸ‘
sofia sofia,5,2022-01-18 10:52:02,good performance
Adpw_ art,5,2022-01-18 10:47:48,"Gps sama map nya dibenerin ya, ongkosnya ditambahin. kasian sama drivernya. selain itunudah oke si semuanya."
Aditya Saputra,1,2022-01-18 10:14:15,"Punumpang senang driver meringis,, klo ngasih argo yg bner lah bos,,, jgn bercanda mulu hidup lu,, 2022 masih ada aja argo sampah, mau untung tapi driver buntung,, bapak lu aja sono suruh narik!!!!"
Anna Widys,3,2022-01-18 10:08:16,"map nya lemot, jadi ojolnya nyasar-nyasar"
melisa kadir,5,2022-01-18 10:05:56,ketepatan lokasi
Yuli Ani,5,2022-01-18 10:01:21,trimakasih banyak
Agung Wijaya,2,2022-01-18 09:43:16,Dapat drivernya jauh2 terus
Ade S,5,2022-01-18 09:31:43,bagus...
Cuplis #87,2,2022-01-18 09:27:14,Min Gmana sih cara ngubungi cs maxim?? Sy udah daftar tp lupa pasword.
Lucky Zuari,5,2022-01-18 09:23:39,kreen
Rahma Nia,5,2022-01-18 09:19:45,ok
allan syailendra,5,2022-01-18 09:19:33,"terus dikembangkan teknologinya, dan jaringan GPS nya yang akurat. sehingga pengemudi yang terdekat dengan konsumen dapat D jangkau. Tetap maxim ada dihati saya. Terima kasih maxim"
darwis Iradat,5,2022-01-18 09:14:24,kurir ramah dan sopan
Endyanto adi Mahendra,5,2022-01-18 08:53:03,driver ramaaaahhhhh banget good job pak henrico
Diana Sartika,5,2022-01-18 08:51:03,pelayanan nya sangat bagus
Rizky Qnoy,5,2022-01-18 08:47:00,mantap dan cepat
Ade Ikhsan,5,2022-01-18 08:44:00,mantap
Khoirul Anam,5,2022-01-18 08:42:05,"ok, jazakallah."
Nesa Yanri,5,2022-01-18 08:36:07,Htrnhn.... selamat smp tujuan
Mardi,5,2022-01-18 08:35:53,Excellent
uyhaw nostra,5,2022-01-18 08:31:02,mantap
DBS,5,2022-01-18 08:30:56,Tidak semua driver maxim berperilaku buruk
Kusno Raharjo,5,2022-01-18 08:27:58,mantab
Albert Pondanan,4,2022-01-18 08:27:43,Sangat menguntungkan konsumen krn tarif Sangat terjangkau
Wiliam Adriaan,5,2022-01-18 08:27:22,driver ramah dan sopan
Afifah & bilal channel,5,2022-01-18 08:26:38,"ini baru murah meriah, menguntungkan driver dan customer"
INDO ITTING,5,2022-01-18 08:26:12,pelayanan mantap
Sangkawang #soranganwae,4,2022-01-18 08:22:36,"Perdana gunakan aplikasi ini,layanan baik ,ğŸ‘"
Isvan Channel,5,2022-01-18 08:18:34,Terima kasih banyak om
Arbian nur,5,2022-01-18 08:10:17,bagus
Bowo Adi,5,2022-01-18 08:06:43,sangat baik
Timotius Natanael,5,2022-01-18 08:01:39,Mantap
Dhedek Siti Habsyah,5,2022-01-18 07:54:47,Harga bersahabat
Ragil Sumardi,5,2022-01-18 07:52:45,sangat memuaskan
Hasrianti Hamzah,5,2022-01-18 07:47:28,aku suka pengemudi seperti ini lincah dan tepat
Dinda Permata,1,2022-01-18 07:40:54,Parah sih ini aplikasi
Regina Situmorang,5,2022-01-18 07:29:28,sorry y pak slh tujuan y
Desy Widya,5,2022-01-18 07:25:14,Lumayan murah sih di banding yg lain.. Pertahankan.. Cm untuk order makanan blm coba hehehe..
Strompoy Me,5,2022-01-18 07:14:50,pelayanan ramah. tepat waktu. pokonmah debast
Pak Surito,5,2022-01-18 07:00:44,ğŸ‘ğŸ¤
Agustina Arrahman,5,2022-01-18 06:50:30,baik
Diiana Dhy,5,2022-01-18 06:45:47,terima kasih ğŸ™
ASRINI SUTRIADI,5,2022-01-18 06:39:15,sebenarnya yg kurang hanya tidak siapkan jas hujan bagi penumpangnya
Yunita Rachmawati,5,2022-01-18 06:37:06,massnya baiikk
Razak Bpp,5,2022-01-18 06:36:35,Good Job â˜ºï¸ğŸ‘ğŸ‘
Sanni Saragih,5,2022-01-18 06:35:06,Sangat mudah dingunakan
naomi_ gabe,5,2022-01-18 06:34:05,"Drivernya baik,ramah."
Bang Buttet,2,2022-01-18 06:32:24,"pelayanan yang bagus cepat lagi,saya sukağŸ™"
M. NUR ICHSAN IN,4,2022-01-18 06:29:14,bagus apk nya
Santy Geresiya,5,2022-01-18 06:27:00,Sangat membatu saya app ny
nuti bunda leandzea,5,2022-01-18 06:22:06,tepat sesuai arahan
Yendra Mulya,5,2022-01-18 06:19:42,mantap....
ida titik rohanah,3,2022-01-18 06:19:06,ramah drivernya.ğŸ™
asep ganteng,4,2022-01-18 06:18:44,Terima kasih atas pelayanannya
Yoga Hafizh,5,2022-01-18 06:00:05,cepat
Bli Khrisna,5,2022-01-18 05:59:04,best ğŸ‘ğŸ‘
Seppy. s. wafom,5,2022-01-18 05:56:33,sopan orangnya
pratama saputrah22,4,2022-01-18 05:46:56,Jtannma
Agus ramdhoni kayza,5,2022-01-18 05:45:59,abangnya ganteng pisan
Rio Kopak,5,2022-01-18 05:40:53,mantappp driver nya
Gregorius Junior,5,2022-01-18 05:40:07,Entap murah banget
Anspool 09,5,2022-01-18 05:39:56,baik membantu
Supono Karangbale,5,2022-01-18 05:39:18,"aplikasi ny bagus,,"
Nur Fitria,3,2022-01-18 05:38:56,"Tolong fitur chatnya di perbaiki lagi, soalnya balasan dr driver selalu telat masuknya"
Putra ramadhan surya,5,2022-01-18 05:38:16,mantaaap
Calvin Harris,5,2022-01-18 05:34:03,good job
Wahyu Agung Aprilianta,4,2022-01-18 05:28:44,bagi diskon dong
MRehan Anshory,5,2022-01-18 05:16:44,pelayanannya bagus ğŸ‘ğŸ»
amyen forester,5,2022-01-18 05:13:06,ramah dan humoris tidak jenuh di dalam pejalanan
Ishlahuddin Az Zaini,3,2022-01-18 05:10:56,maping dan koneksi ke driver lamban sekali.... kasihan pak drivernya
Triana Yuni Astuti,5,2022-01-18 05:04:26,bagus banget
Endah Putri Pertiwi,3,2022-01-18 04:54:04,"Untuk harga Oke terjangkau, tapi menunya masih membingungkan, sama mapnya tlong di upgrade lagi, kurir suka bingung. Itu aja, semoga lebih baik lagiğŸ‘"
MASNIAH 23,5,2022-01-18 04:52:19,senang biaya nya murah sehingga sangat membantu
Raja Muhammad Saleh Rahman Alharizki,3,2022-01-18 04:43:58,Cobalah ambil orderan jangan random sistemnya. Tolong ya maxim diubah sistemnya. Saya jaraknya dekat gak sampai satu kilometer malah gadapat. Kadang uda muncul berapa kali orderan yang dekat jaraknya dengan saya malah ga kebagian. Tolong sistemnya diubah dengan yang lebih WARAS. Jarak cuman 0.6km gadapat.
Nurmilan Putri balqis,5,2022-01-18 04:33:16,bagus
Enam Pro,5,2022-01-18 04:32:56,mantap
Turdo Reskrim03,5,2022-01-18 04:32:46,"mantap, cepat"
Muntazar Izar,5,2022-01-18 04:28:30,Mantap sekali maximnya.....
Yeon Jun,2,2022-01-18 04:21:56,Maxim driver rata rata berbohong yang dari 8700 ( promo potongan ) mereka bilang malah 10000 dan juga kebanyakan harga/ongkos nya itu uangnya nggak pas kadang 9600 atau 8700 coba kalau 9000 atau 8000 saya akan langganan maxim setiap hari untuk sekarang saya kasih bintang dua dulu Ntar kalau udh dibenerin aku kasih bintang 5
Wina Erlita,5,2022-01-18 04:19:42,Terimakasih kk sdh mengantar dengan baik dan selamat
Alex Sander,5,2022-01-18 04:06:47,keren bangetttttt amanah banget
ABI AHMAD,1,2022-01-18 03:57:28,"untuk Maxim car Aplikasi sangat jelek, baru cari titik sudah Ter KLIK, tidak bisa BATAL, dan terpaksa langsung bayar 20ribu ke Driver ğŸ˜¡ğŸ¤® PENGALAMAN BURUK"
Dimas Bagus Prayoga,5,2022-01-18 03:57:07,Alhamdulillah terimakasi banyak pak ğŸ™ğŸ™ğŸ™ğŸ™ğŸ™ğŸ¤²ğŸ¤²ğŸ¤²ğŸ¤²ğŸ¤²ğŸ¤² insyaallah selalu lancar
Gilang Adrian,1,2022-01-18 03:51:20,aplikasi tolol . daftar aja susah pdhl w pke simpati. daftar yg laen lanjay. emng aplikasi nya bnr bnr tolol ğŸ˜¡
Handokho Zed,5,2022-01-18 03:47:09,drivernya luwes n santai
Suneti Fadilah,5,2022-01-18 03:46:45,keren...murah dan mantap
Muliyaty_arief Djide,5,2022-01-18 03:45:59,tks
Franly Uring,1,2022-01-18 03:43:49,Saya tidak bisa membatalkan orderan . sangat parah
Sapawi Semprul,5,2022-01-18 03:30:33,good
Nihao Merdin,5,2022-01-18 03:30:11,driver nya friendly mantap
Izza Nazilla,5,2022-01-18 03:22:35,pengemudi nya ramah
Purnia Wati,5,2022-01-18 03:21:12,mas nya ramah
Yohanathe Flo,5,2022-01-18 03:05:25,Sangat baik
Opinasari Opinasari,5,2022-01-18 02:39:24,"kurir ramah,sopan,dan ngerti krn sya lg hamil wlwpn ga d ksi tau tpi dia bwa ny pelanÂ²"
Ong Rizal,5,2022-01-18 02:29:33,sangat ramah
Nur Laela,5,2022-01-18 02:23:36,drivernya sangat ramah dan baik. . top pokok nya mudah2an semua maksim seperti driver ini
Fidelis F Siboro,5,2022-01-18 02:22:21,Ok
Egi Pradana,5,2022-01-18 02:17:19,ramah
fadhel akbar,5,2022-01-18 02:14:20,cepat
Zilong Zao,5,2022-01-18 02:11:26,ok
Asrul Hombing,5,2022-01-18 01:46:11,driver sangat baik dan ramah.. buat perusahaan Maxim jgn klen PM bg ni y
Juwita Adinda,5,2022-01-18 01:42:35,baik
Wisnu Hutama,5,2022-01-18 01:28:01,nice person ...quick services.. god job
al di,5,2022-01-18 01:23:02,oke punya dah bng mksih msukan nya bng ğŸ™ğŸ»
Si Dodoy,5,2022-01-18 01:17:11,good
Iman Santoso,1,2022-01-18 01:16:59,Aplikasi bego ini tolol jgn diupdate srh sekolah yg pinter dulu
Al Pahsya,5,2022-01-18 01:14:38,Tolong donk map nya pake map google map aja...biar ga pusing..titiknya suka ngaco...biar sama kaya aplikasi sebelah..
Nanay Haryati,5,2022-01-18 01:11:41,pertahankan servis layanan harga murah manntapss
Regi Sinatra,1,2022-01-18 01:06:56,tolong ya pihak maxxim cari driver yg beradap yg baik ngomong nya..ngomong nya kasar kali terhadap penumpang..dapat pemgalaman yg tidak mengasikan pagi ini
Hilda Batis,5,2022-01-18 01:05:06,sangat membantu sekali cepat pelayanannya
Rizal Mulya sakti,5,2022-01-18 00:59:02,ramah bener orangnya mantap
ä½™é­yuwei,5,2022-01-18 00:54:29,terima kasih pak..
Febi Febi,5,2022-01-18 00:41:53,gooodddd..hujan2 ttp ok antr brg mksh ya
Nancy Larasati,5,2022-01-18 00:40:27,"drivernya good, terimakasih berkat bapak saya.tidak telat"
Spider-Man 04,5,2022-01-18 00:39:45,"sangat membantu dan selalu menjadibpilihan utama. maju terus, dan tingkatkan pelayanan yg lebih baik lagi. terima kasih maxim"
Ahmad Yusuf,1,2022-01-18 00:30:15,"Hampir setiap hari saya menggunakan Maxim, seperti biasa ongkos 30 ribu, tapi pagi ini saya sangat kecewa, di order awal tarifnya 30 ribu Tapi kenapa pas sudah sampai tujuan koq tiba-tiba tarifnya naik, padahal setiap hari saya menggunakan rute/jalan yang sama... Koq tiba-tiba tarif jadi naik 44 ribu yaa ???"
Ardi Saputra,4,2022-01-18 00:28:18,puas
Indri Meliasari,5,2022-01-18 00:27:47,Bagus
Rommy Tjandiawan,5,2022-01-18 00:26:56,ramah orang nya
Beni Gusmar,5,2022-01-18 00:11:53,orang nya baik sekali makasihğŸ‘ğŸ‘ğŸ‘ğŸ˜Š
Mucharor A,5,2022-01-18 00:06:06,makasih mas hehehe
Zerico Harefah,5,2022-01-17 23:58:46,Maxim ğŸ‘ğŸ»ğŸ‘ğŸ»ğŸ‘ğŸ»ğŸ‘ğŸ»ğŸ‘ğŸ»ğŸ‘ğŸ»ğŸ‘ğŸ»ğŸ‘ğŸ»
Yurika Istikomah,5,2022-01-17 23:54:22,sgt sgt bagus pelayanannya
Jorrel Kavindra Oktovitus,5,2022-01-17 23:41:52,terimakasih
winanda allatif,5,2022-01-17 23:41:07,siippp
Anandya Kusuma,5,2022-01-17 23:38:28,terimakasih mas ğŸ‘ berkah
dimona susan riakudu,4,2022-01-17 23:35:08,thankd
Muto Mimah,3,2022-01-17 23:25:34,supirnya kurang ramah #maaf
Michael Evan Yonas,1,2022-01-17 23:24:14,"Driver biasa berbuat curang, dgn memanfaatkan waktu tunggu berbayar, saya pernah naik maxim yang awalnya 11k berubah jadi 20k alasannya waktu tunggunya 16 menit, padahal begitu drivernya sampai saya langsung naik"
Gojek Jakarta Driver,5,2022-01-17 23:09:05,ok
Ressa Mutia Chandra,1,2022-01-17 22:44:32,"Cuma cek biaya tujuan, sdh lgsg order, parah bgt ini aplikasi.. tdk order disuruh order.. lgsg auto delete"
Sarung Anak,5,2022-01-17 21:57:21,Baik
Dio Manday12,5,2022-01-17 20:40:10,sangat baik
Andika Setiawan,5,2022-01-17 19:41:35,bapaknya ramah banget
Indrayana Rezamaira,5,2022-01-17 18:18:19,"suwon mas , udah di anter dengan selamat"
21-0015 M Mairizal,5,2022-01-17 17:45:41,sangat memuaskan dan sopan
F HUNTTV,5,2022-01-17 17:14:17,cepet juga.. om nya ky pembalap ğŸ˜‡ğŸ¤£
Rossi Bayung,5,2022-01-17 16:41:48,tepat waktu
fulanah 00,5,2022-01-17 16:01:29,bagus sekali
Fitri Ani,5,2022-01-17 15:59:54,baik
Tedii Noop,5,2022-01-17 15:59:42,terbaik dan saya ucapkan terimakasih
Akaa Ganteng,5,2022-01-17 15:58:37,memuaskan
Nur 2409,1,2022-01-17 15:57:52,"Aplikasinya rumit, ribet cara pesan makanan"
Aku Human,5,2022-01-17 15:54:45,"kurir ramah,amanahh,sabarrr sekali,lancar terus rezeki mas nya terima kasih banyakk sekaliğŸ‘ğŸ‘"
Aldy Syahida,5,2022-01-17 15:44:04,tingkatkan
Putra Dapatalu,5,2022-01-17 15:36:11,good engko
Yuditha Ay,5,2022-01-17 15:25:32,"sehat selalu untuk bapaknya, terimakasih sudah mau bantu saya di saat saya lapar tengah malam gini :)"
Agus Awan,5,2022-01-17 15:17:55,sopan
Roy Friendy,5,2022-01-17 15:12:56,ramah
Johana Saputri,5,2022-01-17 15:10:19,sangatlah baikkkkk
Andri Amanto,5,2022-01-17 14:40:51,Drivel good job
Nois30 7097,1,2022-01-17 14:26:22,Order sudah batal malah aplikasinya masih jalan bikin masalah aja penumpang sama driver
ENVY,5,2022-01-17 14:25:41,"Heran harga bisa langsung naik, saat di pesan 8k pas udah sampe 12 ribu"
Edi Maulana,5,2022-01-17 14:18:32,baik
Rudiansyah,5,2022-01-17 14:15:28,orang nya ramah dan sabar
Muhmammad maulidin,5,2022-01-17 14:12:49,..m
Ani Lestari,5,2022-01-17 14:10:36,ok
bonapasogit channel,5,2022-01-17 14:10:07,mantap cepat
albi albi,5,2022-01-17 13:56:33,ok
Jimmy Anggara Sukma,5,2022-01-17 13:51:29,ibu nya baik
helsy family,5,2022-01-17 13:36:31,baik..
nicko bismillah,5,2022-01-17 13:32:51,bgus
GOKIL Tok,5,2022-01-17 13:19:19,terimakasih ya pak
Arif KangAc,5,2022-01-17 13:16:08,terimakasih pak
Ahmad Mizan,5,2022-01-17 13:14:47,mantap
Salsabila 13,5,2022-01-17 13:12:10,bagus sekali cepat
hadi wibowo,5,2022-01-17 13:07:46,driver sopan dan ramah
Nurhasan Nurhasan,5,2022-01-17 13:05:34,sangat memuas kan
Riani Mantini,5,2022-01-17 13:05:11,mas nya top..
Ghania Early,5,2022-01-17 13:02:23,mtp
Okti Nurhidayanti,3,2022-01-17 12:41:54,mencari alamat nya loading sih. tapi untuk harga oke ğŸ‘ŒğŸ¤­
Heri Aldric,5,2022-01-17 12:39:19,terima kasih Abang yang baik dah bantu saya
Wiji wulanputri,5,2022-01-17 12:29:17,sangat ramahğŸ˜
Karell Al Fatih,5,2022-01-17 12:21:13,driver ramah.. lancar rejekinya ya Uda
Zainal Inal,5,2022-01-17 12:12:33,"sangat memuaskan, dan sangat ramah"
Rahman Jakarta,5,2022-01-17 11:58:59,drivernya ramah dan aman membawanya
Nella Karunia,5,2022-01-17 11:53:30,makasih ya bg
Yesi Gita,5,2022-01-17 11:48:36,bagus nyaman
saiful alam,4,2022-01-17 11:47:01,good
Bintang Akbar Saputra,5,2022-01-17 11:44:40,Driver nya ok
Idwin Alya Putra,5,2022-01-17 11:40:33,mantap
Yogi Gunasetiawan,5,2022-01-17 11:38:43,mantab
Toraw Kids,1,2022-01-17 11:38:28,"Bye"" Maxim, driver nya cari yang bener"" mau kerja aja...."
muhajirah jabir,5,2022-01-17 11:38:18,"Keren, cepat dan ramah"
yona christofer,1,2022-01-17 11:37:47,"oder pertama kali dapat driver, sinyal driver hilang kasian banget belum bisa di pick up sm drivernya. tolong dong di perbaiki aplikasi drivernya lebih soft mengikuti saluran jaringan data yang dipakai drivernya. Akhirnya saya cancel saya manualkan soalnya sudah sampai rumah saya, dan kata driver oderannya ilang di aplikasi dan sinyal juga ilang, di aplikasi saya masih ada oderannya"
Avriliani Idris,5,2022-01-17 11:22:44,bgus
Makan Nasi,5,2022-01-17 11:22:19,good
Maranda Hermolina,5,2022-01-17 11:20:28,Pertama kali pakaiğŸ™OkeğŸ‘ kalo bisa perbanyak pengemudinya ajağŸ™
Hizkia Apripradana,5,2022-01-17 11:17:41,trimksih xim
Ady Ypcs,5,2022-01-17 11:17:00,Drivere ramah
Syamriadi adi,4,2022-01-17 11:09:21,tidak menyediakan mantel waktu hujan
Andre Arfan,5,2022-01-17 11:08:25,"makasih telah mengantar dengan selamat ,pk sopir nya baik juga ramah"
Rina Sulastri,5,2022-01-17 11:05:22,dalam perjalanan todak membosankan
Muhammad Abrary,5,2022-01-17 11:00:10,"mantap,terima kasih.ğŸ‘ğŸ‘ğŸ‘ğŸ‘ğŸ‘ğŸ‘"
Aimah Khu,5,2022-01-17 10:54:44,on time
Agus Budianto,1,2022-01-17 10:53:28,"Nongkrong di jakut dpt order di jakbar..!! Eh nganternya ke jakut tempat gw nongkrong lagi....!! Dapet OPIK nmr kantor di tlp gk bisa....!! Buang"" pulsa...!! Dmi Tuhan kl u msih waras jgn ikut ini deh."
jei pqmail,5,2022-01-17 10:52:07,excelently
Alfriano Rino,5,2022-01-17 10:46:39,sangat ramah...good
Mutiara Silviani,5,2022-01-17 10:44:33,keren
DIAN SETIYAWAN,1,2022-01-17 10:34:28,Aplikasi taiii ..macam apa saja klau dekat penxarianya lama dan supirnya nolak tapi klau jauh berwbut goblokk bngett aplikasi ngak guna ng bisa bntu
Mia Kamal,5,2022-01-17 10:21:13,Maxim mantap
Serlin selvina seva,5,2022-01-17 10:17:46,sangat baik
Mass Igoy,4,2022-01-17 10:15:56,good ğŸ‘
SUHAR YADI,5,2022-01-17 10:14:39,Oke
agung sunariyadi,5,2022-01-17 10:02:00,Mantappp Pelayanannya.......murah
Rian Perdana,5,2022-01-17 10:00:28,tepat waktu
Ramdan Btutihe,5,2022-01-17 09:53:10,driver baik
Isoer 712,5,2022-01-17 09:43:06,pengemudi ramah
Hendro Eko,5,2022-01-17 09:41:30,cepat dan terjangkau
Widiandika Triwibowo,5,2022-01-17 09:37:19,Peta nya kurang jelas. ĞšĞ°Ñ€Ñ‚Ğ° Ğ½Ğµ Ñ‡ĞµÑ‚ĞºĞ°Ñ.
unero juli,5,2022-01-17 09:29:02,baik
rudi anto,5,2022-01-17 09:28:09,trimakasih ğŸ‘ğŸ‘
Febri Lies Syahaya,1,2022-01-17 09:12:06,"Driver kasar, ngatain cs pakai bahasa binatang!"
Siti Khoiriyah,5,2022-01-17 09:11:13,bapaknya sangat baik dan ramah makasih ğŸ™ğŸ»ğŸ™ğŸ»
wirafitra anggraini,5,2022-01-17 09:10:50,"driver baik ramah dan sangat sabar, terimakasih driver"
Nur Yanti,5,2022-01-17 09:04:37,baik
Mahin Mahin,5,2022-01-17 09:04:24,thank you....
Feri Thabroni,1,2022-01-17 09:03:46,Mending pindah aplikasi aja deh ntar nyesel nunggu lama
Suherman Pridipta,5,2022-01-17 09:03:17,luarbiasa
Titik Naharoh,5,2022-01-17 08:58:06,gercep banget
sri hidayani,5,2022-01-17 08:49:09,sangat ramahhhhhhhhh suka di ajak ngobrol biar tidak boring
Nur Rahmatullah,5,2022-01-17 08:46:28,Thanks Maxim
Yenni Marlupi,3,2022-01-17 08:45:13,tolong aplikasi pengorder ini permudah mencari rute krn setiap ingin memesan di buat bingung dengan maps kalau mau memasang titik lokasi .... nti bintang nya aku tambah lg ...smntr ini sy ksh 3 bintang dlu ya ğŸ™
Noneng Noneng,5,2022-01-17 08:28:17,mantap
Zul Kifli,5,2022-01-17 08:22:32,ramah
Tina Martina,4,2022-01-17 08:21:32,maxim murah tapi bila nyari maps masih susah order jadi slah alamat mohon di pwrbaharui untuk maps nya
fahrezi fanani,4,2022-01-17 08:20:04,"tingkatkan kembali untuk order makanan, karena tidak terlihat/gambar dari makananğŸ˜ŠğŸ™"
Fitrianti R. Badolo,5,2022-01-17 08:09:23,Pesanan di antar secepat kilat. Trimakasih
Ria Wijiyanti,5,2022-01-17 07:54:22,lebih ditingkatkan lagi...biar makin maksimal
Munawar Munawar,5,2022-01-17 07:42:21,mantap
Ahmad Nur Rahman,5,2022-01-17 07:35:11,belum tau caranya mau top up saldo euyy
Bunda Wico Wico,5,2022-01-17 07:29:02,supirnya ramah dan info kasih kabar
JAINUL RAHMAN,3,2022-01-17 07:28:27,"Pelayanannya kurang baik, saya baru pertama kali pake aplikasi maxim, terus pesan taxi untuk jemput saya. Tapi supirnya ga ketemu ketemu sama saya, padahal sudah saya jelasin pakaian saya seperti apa, terus di map juga sudah jelas posisi saya. Tapi malah drivernya malah marah marah ngata ngatain saya main main. Padahal saya juga kepanasan nungguin, coba kek kalo ga ketemu tinggal ditelpon, ini malah marah terus suruh saya cancel. Yasudah saya cancel plus saya hapus aplikasinya. Mending gojek"
Nurul Rachmayani Sadi,4,2022-01-17 07:25:40,"overall bagus, tp paling males kalau si drivernya malah berani ngechat ke wa pribadi."
Elfan Fander,5,2022-01-17 07:24:23,semangat
"THaKIm,INv",5,2022-01-17 07:24:16,semoga begini terus
Lala Hamzah,5,2022-01-17 07:20:52,bagus
darwis faky,4,2022-01-17 07:15:13,siip..thx
Nita Ita,5,2022-01-17 07:13:02,"sopir ramah , perjalanan lancar"
Purwanto Wanto,5,2022-01-17 07:10:13,mantap abang nya
daffa dhiyaulhaq,5,2022-01-17 07:07:22,baik
Sukma Jaya,5,2022-01-17 06:57:45,sangat baik
Kokom Komariah,5,2022-01-17 06:45:02,"supirnya ramah , ganteng, baik hati , tidak sombong , rajin menabung , terimakasih pak agus"
Andrie Hartono,5,2022-01-17 06:39:12,diperbanyak drivernya jika larut malam. tq
Eric02 GAMING,5,2022-01-17 06:38:08,bagus
Iwan Kurniawan,5,2022-01-17 06:37:41,"mobil nya wangi, pergemudinya ramah.. ğŸ‘Œ"
Lasri Deti,5,2022-01-17 06:33:39,mantap
Pengangguran Militan,1,2022-01-17 06:31:05,Aplikasi yang memperbudak driver
Chillo Glowy,5,2022-01-17 06:28:17,murah... tapi peta nya bikin ğŸ˜•
Ira Nadira03,5,2022-01-17 06:27:45,bagus
grup gasak,5,2022-01-17 06:27:21,tks maximğŸ™
18. Karina Putri Nur Azzahra,1,2022-01-17 06:26:04,Gua heran kok sudah di cancel masih aja tetep nongol driver yg di reject tadi tolong perbaiki ya maxim
Agung Soebandiyo,5,2022-01-17 06:24:11,pelayan baik
Indra Maulana,1,2022-01-17 06:22:05,"tidak disarankan,"
HAFIS RISKILLAH,5,2022-01-17 06:21:45,sangat baik
Kori Rispina sari,1,2022-01-17 06:19:50,"pengemudi mengancam saya ,dengan bhasa santet dengan alasan sy mempermainkan kn"
Rini Manday,5,2022-01-17 06:19:27,"sangat baik ,,tambahi promonya donk . yg murah"
Sumitro Adawiyah,4,2022-01-17 06:15:58,"agak lama nunggu mobil, dan sampai tepat waktu seperti perkiraan ke tujuan"
Agam Desta,5,2022-01-17 06:10:27,mantap
Denny Sam,5,2022-01-17 06:04:56,baik
Exell Dewi,1,2022-01-17 05:44:10,Donlotd nya susah
Ranto Ranto,5,2022-01-17 05:41:06,terima kasih
Misha Erick,5,2022-01-17 05:40:51,abng baik rama...dan amanahâ˜ºï¸ trimksh buat bg ojol nya trmiksh atas kemudhn nyq
3B-19_manoa silambi,5,2022-01-17 05:35:41,baik
Rah Ima,5,2022-01-17 05:12:19,"sangat baik driver nya. smga beliau di berikan kelancaran rezki nya terimakasih pak ojek. terimakasih banyak sudah antar sepupu sya. sampe di tungguin karna sepupu sya ini gak ad HP nya. terimakasih banyak pak. smga lancar trus rezki ny, di beri kemudahan, sehat selalu pak"
Yohanes Kmurawak,5,2022-01-17 05:12:17,makasih sudah antar kami tiba dengan selamat sampai tujuan ğŸ™ğŸ™ğŸ™ğŸ™
Iksan Ramadhan,5,2022-01-17 05:01:16,ok
Dan Zip,5,2022-01-17 04:57:12,ok
Rudi Saputra,5,2022-01-17 04:51:20,"nyaman dan murah, enak pokoknya"
Muhammad Fadhil,5,2022-01-17 04:47:58,ok
Boys and Hobby,5,2022-01-17 04:44:06,sangat ramah ğŸ‘ğŸ‘ğŸ‘ğŸ‘ğŸ‘
Ai Siti syahidah,3,2022-01-17 04:38:07,siip good job
Ahmad Setianegara,5,2022-01-17 04:33:28,komunikatif
Amanda Pramesty,5,2022-01-17 04:31:07,momen lucu salah driver ama temen wkwk
Abun Taufik,5,2022-01-17 04:16:31,Kece
ArgaNov,5,2022-01-17 04:14:09,bagys
a.rahmat Sulaeman,5,2022-01-17 04:11:08,"baik,ramah dan rapih"
subhan rizki,5,2022-01-17 04:08:27,bagus
Nisa Oktavia,3,2022-01-17 04:02:48,Estimasi menunggu terlalu lama ğŸ™„ğŸ™„ğŸ™„ğŸ™„
Jimmy Kamagi,5,2022-01-17 04:02:22,good
Uung Umertum,5,2022-01-17 04:00:05,oke mantap
Yuliani gui,5,2022-01-17 03:57:11,good service
aris dianto,4,2022-01-17 03:50:53,baik sesuai antaran
Febry Lestari,5,2022-01-17 03:42:08,OK
Naker Putra Lobowidu,5,2022-01-17 03:24:24,Mantap...cuman terlalu murah untuk para driver
Septia Wulandari131297,5,2022-01-17 03:18:43,oke
Juli Evi,1,2022-01-17 03:13:45,saya gk trima saya di turunkan di tengah jln..dan ongkos nya dia minta saya gk trima dan kecewa
Asriyani Asriyani,5,2022-01-17 03:09:27,perjalan sangat baik
zaid rahmansyah,5,2022-01-17 03:06:11,"pelayanan bagus, murah"
Bani Aji Kurniawan,5,2022-01-17 03:00:57,Terima kasih pak
Djasmanto Mantok,3,2022-01-17 02:58:06,cukup
kasiyanto brasileiro,5,2022-01-17 02:54:55,driver baik
Ibrahim Bilal,1,2022-01-17 02:52:52,"Driver nya milih milih .harga juga mulai standar, intinya susah dapet"
Rahmadhani Syam,5,2022-01-17 02:48:08,baik
Zainal Arifin,5,2022-01-17 02:45:18,Ok
Hamzah Ahmad,5,2022-01-17 02:31:47,sangat baik
ida mardiana,5,2022-01-17 02:30:48,kadang nunggu driver nya lama karena ga semua titik ada tapi harganya lebih murah dibanding ojol yg lain.
VVD chanel,3,2022-01-17 02:26:30,tlong klw order jaket maxim nya di pakai
Cintia Faradillah16,5,2022-01-17 02:23:23,abangnya ramah banget
Bing Riska,5,2022-01-17 02:18:50,terima kasih bapaknya baik
Yuli Budiasti,4,2022-01-17 02:17:12,"terimakasih, sangat membantu."
WIWIN EKA AFRILIA,5,2022-01-17 02:07:13,Terima kasih
Alpian Sandika,5,2022-01-17 01:59:36,cepet bgt penjemputannya
Pawit Ahmad,4,2022-01-17 01:58:47,Map nya tolong di perbaiki masa cari nama tempat ga ada
Irawaty Hidayat,5,2022-01-17 01:47:05,terima kasih ğŸ™
Oki Ade saputra,5,2022-01-17 01:45:11,"Maxim sekarang sudah ramai, ramah di kantong"
Widia Hani Sumbayak,5,2022-01-17 01:40:37,harga murah
eka ebbem,5,2022-01-17 01:40:37,terima kasih dengan pelayanan yang baik dan tepat waktu
Sugianto Sugianto,5,2022-01-17 01:22:41,sangat memuas kan
Yonathan Adie,5,2022-01-17 01:22:36,ramah
Ayuk Fitria,5,2022-01-17 01:20:17,"cepat , dan ramah"
leyon renty Ngasu,5,2022-01-17 01:15:58,oke
Alfiyati Watianan,5,2022-01-17 01:04:28,thank u maxiin
budi kurniawan,5,2022-01-17 01:02:24,cepat
Ikbal Bone,5,2022-01-17 01:01:00,"the best, semangat !!!"
rahma yanti,5,2022-01-17 00:55:12,si aa yah ramah
Erna Ratu Eda,5,2022-01-17 00:39:07,bagus dan murah...
Sri juli Hutabarat,5,2022-01-17 00:39:00,baik dan nyaman
Muktar donika Yusafri,5,2022-01-17 00:35:55,MANTAP TARIF MURAH DAN CEPAT... SANGAT MEMBANTU SEKALI..... PERTAHANKAN TERUS KONSISTENSI NYA...
Ahmad Sukri,1,2022-01-17 00:34:57,Blm
Kamelia Kristin,1,2022-01-17 00:27:52,"Gue dimaki2 driver gara2 app lo error gue gabisa rubah titik penjemputan sm tujuan pengantarannya, please perbaikin app lo sm kelakuan driver lo yg ga sopan santun! Percuma harga murah not worth it"
Wiwiet Meryanthi,5,2022-01-17 00:25:31,baik sekali ..ramah
marlon makaudis,1,2022-01-17 00:21:48,Min masalah baru nic kalau pesan mobil kok susah banget konek sama pengemudi... Please Min cuaca skrng kurang bagus(hujan) kalau pesan motoRğŸ™ğŸ™ğŸ™ğŸ™
Qolby Dian Ningrum,5,2022-01-17 00:20:20,baik tepat waktu
Samuel Suherman,4,2022-01-17 00:07:09,lumayan
Reffan cungkring,5,2022-01-17 00:07:02,terima kasih udh antar anak sy keskolah
CCC Ponsel,5,2022-01-16 23:59:28,terima kasih...
Abel Bardika,5,2022-01-16 23:55:51,mksh pak SDH diantar ank saya sekolah
A Fardian,4,2022-01-16 23:50:11,"Driver sering salah baca titik, padahal sdh disesuaikan. mungkin perlu diperbaiki sistem map dari maxim"
Video KITE Chanel,5,2022-01-16 23:49:46,Driver nya di perbanyak lagi
Ayu Anggreini,5,2022-01-16 23:36:49,goooodddd
Puspa Dewi,5,2022-01-16 23:33:40,memuaskan dan pas dikantong...sukses terus buat maxim
8E Dafit febriansya asaidah,1,2022-01-16 23:32:56,"tolong dong di kasih batasan umur buat driver,salah rute malah jadi jauh bgt pas mesen kadang driver jauh bgt di titik lokasi penjemputan motor juga di kasih batasan buat kenyamanan customer"
Hari Yadi,5,2022-01-16 23:26:18,ok
Gin2 No,5,2022-01-16 23:07:50,Matab
Zulfianisa Rauf,1,2022-01-16 23:00:19,Kenapa maxim pnya wktu terbatas buat tunggu penumpang? Dan harga kalo lewat dari 5menit dari wktu tunggu langsung berubah. Sering juga si driver membatalkan orderan. Sangat tidak memuaskan
Aziz Cuan93,5,2022-01-16 22:51:16,makasih buat driver nya udh mau ngambil orderan saya walaupun jauh
ardian,5,2022-01-16 22:18:55,Terima kasih
Opik Azis,5,2022-01-16 22:15:58,"sangat puas, ramah lagi"
barry presley umbas,5,2022-01-16 21:56:39,terima kasih
ajie susenho,5,2022-01-16 21:48:58,cepet banget
Agus Tadjudin,5,2022-01-16 20:41:08,puas
Fatimah Azzahra,5,2022-01-16 19:56:25,Thanks... Xixixixix
Putri Hadijah,5,2022-01-16 19:26:46,order baik cepat
Bachri Reza,5,2022-01-16 19:01:39,kerenn
Lendy AR,5,2022-01-16 17:55:05,Great
Rani Permata,5,2022-01-16 16:47:29,baik
Aqhas Iqbal,5,2022-01-16 16:43:27,bagus aplikasi nya
Bapa Lia,4,2022-01-16 16:42:46,"Sangat baik harga terjangkau, mulai ad peningkatan"
Ahza Danis,5,2022-01-16 16:39:28,sya sangat suka dengan dteper ni
Angel Nia,1,2022-01-16 16:25:31,"Maps nya kacau, gak lengkap sama sekali meskipun murah jadi takut juga pakenya"
Mamah Jun,5,2022-01-16 16:04:01,mantap makasih
Fixs TV,5,2022-01-16 16:03:14,"TERIMAKASIH SUDAH MEMBANTU EKONOMI SELURUH RAKYAT INDONESIA UNTUK MENUJU PERJALANAN UNTUK BAPAK DRIVER/SUPIR , UNTUK ARGO TRIF PERJALANAN SANGAT MURAH DAN PAS DI KANTONG TETEP SEMANGAT UNTUK BAPAK PENGEMUDI DI MAXIM SEHAT SEHAT SELALU AMIN YRB... ğŸ˜˜ğŸ˜˜ğŸ˜˜ğŸ˜˜ğŸ˜˜â¤ï¸â¤ï¸â¤ï¸â¤ï¸â¤ï¸ğŸ¤—ğŸ¤—ğŸ¤—"
Tri Jayanti,5,2022-01-16 16:02:43,trma kasih ya
Pinto Kurniawan,5,2022-01-16 15:46:54,supir luar biasa baik dan sopan sangat recomended
Malaikat Kecil,5,2022-01-16 15:43:42,"baik sekali, masnya."
Hendrik Aritonang,5,2022-01-16 15:31:06,mantap
Ritha Andryani,5,2022-01-16 15:23:32,tepat waktu tapi maaf sy batalin karena salah pencet
supriatna 1985,1,2022-01-16 14:50:24,Ngk jelas memang apa yg dipesen apa yg datang....
video macam macam,5,2022-01-16 14:47:42,bagus
Stevany Vany,5,2022-01-16 14:44:44,"mkch,playanan,Baek n ramah..ğŸ˜ğŸ‘"
Anisa Azizah,5,2022-01-16 14:38:32,"Terimakasih, perjalanan yang sangat nyaman"
Dewy Sary Wulan,5,2022-01-16 14:36:21,ğŸ‘ğŸ‘ğŸ‘
Idrus Bin agil,1,2022-01-16 14:26:49,Kurang profesional
Ano Nim,4,2022-01-16 14:24:37,"udh bagus, murah juga tp syg pas pesan makanan gak bisa liat menu"
Anas Alhasby,5,2022-01-16 14:13:34,nyaman
Sri Wahyuni,4,2022-01-16 14:02:38,lebih mudah dn cpt dgn maxim...
Lafi Na'im,5,2022-01-16 13:55:06,mayan ğŸ‘Œ
Cecep Sutisna,5,2022-01-16 13:53:13,mantap
Harlan Wijaya,5,2022-01-16 13:50:42,0k
Daffa Aditya,5,2022-01-16 13:34:14,Bagus
Dimas Adi Pratama,5,2022-01-16 13:33:34,ğŸ‘ğŸ‘ğŸ‘ğŸ‘ğŸ‘
Ricks Noob,5,2022-01-16 13:31:42,"driver baik,sopan pelayanannya"
Rizma Alvaro Mahardhika,5,2022-01-16 13:25:13,sangat bagus
Daris Mohadi,5,2022-01-16 13:13:26,Mantapp
Kanthie Kz,5,2022-01-16 13:12:22,mantappp
Lina Lindaay,3,2022-01-16 13:11:13,Di Aplikasi 65rb stlh sampai tagihanya 82rb stlh itu drivernya mnta uang tambhan lagi....cukup tahu lah
Nurnanensi enchy,5,2022-01-16 13:07:30,kakaknya Sopan n baik makasih
Bayu Eka Pratama,5,2022-01-16 13:00:10,harga lebih murah dibanding kompetitor ğŸ‘
Ocha Persia,5,2022-01-16 12:59:33,terima kasih
Nurdayanti Hermawan,5,2022-01-16 12:59:07,"terimakasih banyak,,,semoga selalu dilindingi Allah dimanapun berada."
Ephie Fahmi,5,2022-01-16 12:57:55,baik
Menanti Menjadi Mantan,5,2022-01-16 12:56:59,"Maxim Itu Bagus Banget Cuman Banyak Orang Yg mau Menjatuhkan Maxim Karena Pendaftaran Drivernya Terlalu Mudah,,Preman Pun Bisa daftar maxim Dengan Mudah Tolong Pihak Maxim Di Perketat lagi Pendaftaran nya Biar Maxim Makin Maju Tindak Driver Driver nakal ğŸ‘‰ğŸ‘‰ğŸ‘‰ğŸ‘‰ğŸ‘‰ğŸ‘‰ğŸ‘‰ Ayo Pesan Maxim Harga Murah,Driver Ramah (Akun Prioritas),Driver Berkualitas"
khakha khafabih,5,2022-01-16 12:53:15,friendly
Sriagustiana Agusti,5,2022-01-16 12:52:45,Sangat bagus
Ria Agustina,5,2022-01-16 12:46:19,good
EniNuraini Hasanudin,5,2022-01-16 12:40:52,good
baung fishing,3,2022-01-16 12:40:42,tolong untuk petanya pakai yg trbaru
Dewi sartika,5,2022-01-16 12:35:06,mantappp
Lilik Kholiqurohman,5,2022-01-16 12:34:55,bagus
aryanto wibowo,5,2022-01-16 12:28:05,sangat bagus
Rio febrian Sinaga,5,2022-01-16 12:24:16,mantep
Adhy Aksa,5,2022-01-16 12:22:51,maaf..
Yulia FY,5,2022-01-16 12:09:24,"pelayanan ny baik,sopan terima kasih sudah mengantar kan saya ketempat tujuan..."
Ami Laily,5,2022-01-16 11:56:03,mantap... pesanan cepat sampainya.
mutiara dan indira,4,2022-01-16 11:55:02,Drivernya sesuka hati cancel orderan
Ely Supriyati,5,2022-01-16 11:53:36,good job
Pekan Baru,5,2022-01-16 11:50:50,terimakasih telah mengantar sampai ke tujuan
florensia ekasari,5,2022-01-16 11:49:50,drivernya amanah dan baik hati. thanks
Mulyani Syahfitri,5,2022-01-16 11:48:41,perjalanan nya nyaman dan cepat
Anto Hadi,1,2022-01-16 11:41:03,"Tolong mapnya ikut google aj g usah bikin maps sendiri, susah mau nyari titik alamat."
tyo geming tyo geming,5,2022-01-16 11:27:38,terimakasih banyak pak sudah mau mengantar kami tadi pesan Maxim sampai d cancel 2x... Alhamdulillah bapak mau ngantar kami... semoga bapak d beri kesehatan dan rezeki yang lancar ....amin
putra Sumut,5,2022-01-16 11:22:36,mkasi banyak ya bg
Samsung Kendari,5,2022-01-16 11:11:30,Aplikasi yg sangat penting untuk dijadikan sebagai tempat sarana transportasi tercepat n terpercaya lebih cepat n gesit... Mumudahkan u/ semua kalangan baik pegawai negri/ swasta / anak sekolah & ibu rmh tangga bahkan u/ tamu perhotelan yg sedang dlm perjalna tugas kantor maupun wisata & kuliner
Warlin Lim,5,2022-01-16 11:05:52,baik
Sukamantri Nugroho,5,2022-01-16 11:03:20,good
Meidi Kurniawan,5,2022-01-16 11:03:10,mantab Abang nya.aering keluar jln jauh bang biar lebih josssssss
asri surya,3,2022-01-16 10:59:13,data wilayah kurang lengkap
Mr. Lebow,5,2022-01-16 10:55:16,terbaik
sang pujangga,5,2022-01-16 10:50:45,baik dan tepat
Ulya Ismanto,1,2022-01-16 10:49:51,"Dapet ordernya lama+ jauh, tolong kalo ngerekrut driver jangan yang ngeselin toxic"
Makcik ngah,5,2022-01-16 10:41:32,sangaaat bagus.
Mulya Akbar,5,2022-01-16 10:39:43,sering adain byk promo
Rozina Khoerun,5,2022-01-16 10:30:42,Good
OMAT SU,4,2022-01-16 10:29:13,puas
brow Arip,5,2022-01-16 10:20:26,layanan nya mantaps ....
Nurul Asmi,5,2022-01-16 10:17:26,bapaknya ramah dan sangat berhati2 dalam mngantar barang
Antono Antono,5,2022-01-16 10:16:47,makasih drever
Arlen Kafa,5,2022-01-16 10:15:38,ok
Mida Musa,5,2022-01-16 10:06:24,the best
Ary Yoga,5,2022-01-16 10:03:41,mantap
Snap Alang-Alang,5,2022-01-16 09:42:13,drivernya ramahğŸ‘
Hendra Marwan,5,2022-01-16 09:40:15,mantap
Arini Shofiati,5,2022-01-16 09:35:29,Murah
mawaddah amin,5,2022-01-16 09:27:34,"Alhamdulillah. Bapak nya ramah, sopan"
Fauzia Sunardi,5,2022-01-16 09:16:03,supirnya ramah. terimakasih
Karmi_ Aceh,5,2022-01-16 09:06:03,mantap lah
Nurul Nurul,5,2022-01-16 09:00:45,sangat rama dan baik
Tian Tupang,5,2022-01-16 08:58:55,bintang 5
meedee fippo,5,2022-01-16 08:38:13,good
Ni Komang Putri Puspa Sari,4,2022-01-16 08:35:49,good
Dewi Rosaria,5,2022-01-16 08:34:15,good job
Wa Ode Sitti Hajar Rosalam,5,2022-01-16 08:18:16,Andalan
Rangga Arditya Gojek,5,2022-01-16 08:15:53,trimakasih pa.... semoga banyak rejeki
Riduwan Ibanez,5,2022-01-16 08:14:59,bagus
Sapri Scout,5,2022-01-16 08:14:04,mantap
Fendi Godon,5,2022-01-16 08:12:04,lancar nyampaiğŸ‘ğŸ‘
rina septiana,5,2022-01-16 08:10:19,trima kasih
Agung Saputra,5,2022-01-16 08:09:58,sangat nyaman
Siti Aliyah,1,2022-01-16 08:07:05,"alamat kurang akurat, grabcar cancel terus"
Novri 92,5,2022-01-16 07:56:14,ok
Rahmi Ovita,5,2022-01-16 07:49:00,Tepat waktu
Rre Krnna,5,2022-01-16 07:48:51,ramah
Hariana Ana,5,2022-01-16 07:27:52,sangat rama
Fadly Mangantjo,5,2022-01-16 07:24:24,mantap driver nya. tq Maxim .
Akbar Sri tanjung,5,2022-01-16 07:23:08,"sangat ramah , Maxim top bagus"
Arief Detective,2,2022-01-16 07:12:07,Mapnya tolong perbaiki. Titiknya tidak akurat.
komar Uddin,5,2022-01-16 07:06:29,mantap
Rini Ramadani,5,2022-01-16 06:59:45,Sangat Memuaskan
Fathandaulay Harianti,5,2022-01-16 06:57:29,"Makasih banyak bang, sukse selalu"
Yolanda Daufiek,5,2022-01-16 06:55:20,drivernya baik
ekotryono anes,5,2022-01-16 06:50:53,aplikasi bagus dan membantu..
Deddy Mulyana,5,2022-01-16 06:49:05,sigap
Dede Noercahyatie,1,2022-01-16 06:46:37,"Aplikasi susah d gunakan, masa iya mau pesen maxim harus hafal dulu nama jalan yg mau d tuju, misal mau ke Ramayana nah ramayana itu jl apa, kan kita mana tau aneh"
Herjun Kustolo,5,2022-01-16 06:45:50,ramah orangnya dan baik pelayanannya
Ananda Syaif,5,2022-01-16 06:41:47,pelayanan sangat baik
Fadli Dewifhirshah,5,2022-01-16 06:16:57,"mantap,,..!!"
Asep Eka Putra,5,2022-01-16 06:04:49,"Cieeee , yang kasih Rating rendah bintang 1,2,3 itu utusan dari aplikasi sebelah ya? Miris bangat pengen ngejatuhin aplikasi yang mulai naik daun dengan cara Provokasi kalau driver galak, minta ongkos lebih , ga sopan, dan hal jelek lainnya. Mana ada driver Maxim yang kaya gitu , mereka semua tuh takut Rating anjlok kali kalau bikin hal yang aneh aneh. Ada-ada aja tingkah orang suruhan aplikasi Ijo-Ijo ini. Hahaha"
Meita Dea,1,2022-01-16 06:04:11,"GA LAGI LAGI PAKE MAXIM, PESANAN GAK SESUAI"
Stop Flank,1,2022-01-16 05:38:05,"APLIKASI NYA UDAH BAGUS,CUMA KELAKUAN DRIVER NYA AJA KURANG BAGUS,KADANG NGEBUT,NEROBOS LAMPU MERAH,,PLEASE DITEKANIN LAGI KE DRIVER NYA SOPAN MINIMAL SIKAP JUGA DITINGKATIN,BUKAN KARNA MURAH DARI YANG LAIN JADI SEENAKNYA AJA,NYAWA INI TOLONG"
bocil gamer,5,2022-01-16 05:22:33,baik
Agung Saputra,5,2022-01-16 05:22:33,sopan dan santun
Thony Fathony,5,2022-01-16 05:18:11,pak maximnya ramah baik dan tepat wkt
Muhammad Iqbal,5,2022-01-16 05:10:43,mantap
Anisa Anisa,5,2022-01-16 05:03:50,"Driver nya baik banget, padahal hari panas, terimakasih"
Gibson Alfonso,5,2022-01-16 04:57:47,si aa yah ramah baik
Darwis Erik Simanjuntak,5,2022-01-16 04:54:25,Mantap
Candra Kusumah,5,2022-01-16 04:51:37,good
Fauzi Ahmad,4,2022-01-16 04:50:26,baguss
Mahira Azzarah,5,2022-01-16 04:44:55,pelayananx Bagus
Muhammad Niko Saputra,5,2022-01-16 04:40:09,lebih baik
Rius Battu,5,2022-01-16 04:38:29,bagus
Johan Gembreng,5,2022-01-16 04:35:45,Ok
Budi Martua,5,2022-01-16 04:35:08,mantap lah
Merlin Indri yani,5,2022-01-16 04:34:46,ğŸ‘
Eka Dianti,5,2022-01-16 04:32:34,"humble si akang drivernya, ğŸ‘"
Alvira Griselda,5,2022-01-16 04:30:33,mantapp
Ali Jeihan,5,2022-01-16 04:21:38,terima kasih pak
Sitti hajilia Pou,5,2022-01-16 04:13:42,sngat cepat
Sardin Tambunan,5,2022-01-16 04:03:34,sangat puas
Sapu Ijuk,5,2022-01-16 03:38:50,sangat puas
Venny Christina,5,2022-01-16 03:24:44,baik sekali.. ramah
Djalu Gamis woro,5,2022-01-16 03:13:57,orangnya ramah enak di ajak obrol
Azizah Raisa,5,2022-01-16 03:12:07,terima kasih
Geza Nandita Giovan,5,2022-01-16 03:05:35,Pelayanan cepat dan baik
AhMuFy Ahmad,1,2022-01-16 02:59:46,"Bintang 5 GB ya wkwk, semangat Terus buar developer nya"
Mega Irawati,1,2022-01-16 02:57:43,"Tolong di perhatikan lagi buat google maps nya, banyak jalan yg g ada namanya Kenapa kurang di respon yah"
raka perdana,5,2022-01-16 02:53:45,ok
Mesjidil Husna,5,2022-01-16 02:49:06,good
ainun jariah,5,2022-01-16 02:41:46,alhamdulillah pengalaman pertama naik maxim ternyata nyaman
Nur Asadah,5,2022-01-16 02:34:00,sangat bagus
Damar woelan,5,2022-01-16 02:03:33,thanks bos
Didi Mulyadi,5,2022-01-16 02:01:45,Mantaaap. semoga lancar terus.
Robil Syaban,5,2022-01-16 01:57:48,makasih mas
Dian Dian,5,2022-01-16 01:33:02,bagus
Triani juma Tria,5,2022-01-16 01:08:08,mantab...Maxim...
Jaison Siringo,2,2022-01-16 01:01:29,bagus
Britney Fortuner,5,2022-01-16 00:59:51,Murah ongkirnya. Tapi sayang terkadang titik lokasinya gak bisa sesuai.
Cokie Mirror,5,2022-01-16 00:52:46,nuhun
NÎ±syÎ±h Î±zzÎ±hrÎ±h S. U,5,2022-01-16 00:51:45,bagus bangettt
Juni Indosat,5,2022-01-16 00:51:21,ok
Agus H. Pitoyo,5,2022-01-16 00:50:56,keren cuy ğŸ‘ğŸ‘
Sepet Pait,5,2022-01-16 00:49:18,"amanah,baik,dan sabar"
Anita Carolina Telambanua,3,2022-01-16 00:46:20,nyaman
Yunus Mulyono,5,2022-01-16 00:44:39,baik dan ramah.
Tyancana Nugrahena,5,2022-01-16 00:31:33,Trimakasih sdh mengantar dengan selamat sampai tujuan.
Fadnis Carry,5,2022-01-16 00:29:45,"cepat respon, dan ramah"
Ardiansyah Drk,4,2022-01-16 00:25:38,mantap
ella laelah,5,2022-01-15 23:49:36,terbaik
Ronal Kayantu,5,2022-01-15 23:47:03,bagus pelayanannya
Mhd Wahyu,5,2022-01-15 23:45:41,"Maxim is the best, luarbiasa"
mimie zafis,5,2022-01-15 23:27:54,terima kasih
Rusding Rusding,5,2022-01-15 23:20:30,ok
Debora Simatupang,5,2022-01-15 22:34:40,mantap
revetex2 1,5,2022-01-15 22:28:59,NC cepat don't toxic
A & C Devin,5,2022-01-15 22:17:29,Sempurna...GoOd Job...Sukses buat Driver nya ya....
Syifa Nurmadillah,5,2022-01-15 21:48:45,tepat waktu...
Melissa Surya cristie G,5,2022-01-15 21:40:06,ok
RASPATIZONE,5,2022-01-15 21:32:01,MAXIM telah hadir dimana dibutuhkan sukses buat Maxim..
Faty Pku,5,2022-01-15 19:51:41,ğŸ‘Œ
Rara Novelia,5,2022-01-15 19:44:26,mantab
Roni Saroni,5,2022-01-15 18:53:18,alhamdulillah bgus
Diora Lucky,4,2022-01-15 18:26:27,perfect
Nelly Asih,5,2022-01-15 17:36:20,trmksh byk suda anter kermj skt ya
ANWAR BATAM,5,2022-01-15 17:14:11,driver top
Marzuki Rusli,5,2022-01-15 17:09:19,tepat waktu sampe..
Denxim S,1,2022-01-15 16:49:12,"Buat cust jangan suka banding2 ma app sebelah apa driver sebelah...semua sama.saya juga dari driver sebelah ko.klo gasuka hapus aja apk nya jgn kasih ulasan yg tidak membangun kedepannya kasian sama yg bener2 cari nafkah.gasemua driver itu jelek,yg jelek itu signal anda.smua karna komentar anda yg jelek2 jadi peminatnya kurang.coba klo koment yg baik2 jd banyak yg pake maxim dan drivernya bertambah dan,pastilah semakin maju dan otomatis banyak promo 2 dan fitur2 terbaru...."
Dy Pratama,5,2022-01-15 16:49:11,sangat sangat bagusğŸ‘
Sahla Pebi partisia,5,2022-01-15 16:41:56,terima kasih sudah berjalan dengan nyamanğŸ˜Š
Pretty Refi,5,2022-01-15 16:37:21,keren
Yuzu Yuzuyni,5,2022-01-15 16:25:16,terimakasih atas kenyamananya
Ari Yati,4,2022-01-15 16:19:58,ğŸ‘
Nur Annisa,5,2022-01-15 16:07:10,baik
Lasmi susilawati,5,2022-01-15 16:05:29,mantap
Muhammad Asrori,1,2022-01-15 15:57:03,"Tiap cari pengemudi selalu lama, saya kasih bintang 1."
Gafur Rasjid,5,2022-01-15 15:50:56,mantap
Adinda kanya Dewy,5,2022-01-15 15:49:32,kren
Husnul khatimah,5,2022-01-15 15:43:16,terima kasih
Dadang Kurnia,3,2022-01-15 15:32:24,maps nya kurang akurat
Metri Syan,5,2022-01-15 15:29:06,alhamdulillah sampe dengan selamat dan relatif cepat.
Alfath Khalifah,5,2022-01-15 15:27:14,oke
Baho Raya,5,2022-01-15 15:22:50,driver nya baik
Sa Fitri,3,2022-01-15 15:21:48,"kalo bisa besok"" pelan bawa motornyağŸ™‚ terimakasihğŸ™"
Robirizki 2020,5,2022-01-15 15:20:33,ramah bngt
Adam Herdiansahh,5,2022-01-15 15:16:54,goodd
Intan Agnsyah,1,2022-01-15 15:15:36,BANGKRUT AJA UDA
ROS MAWAR,5,2022-01-15 15:14:42,pengemudi sangat ramah
Ayub Hermawan,5,2022-01-15 15:05:09,bagus
Debby Anggraini,5,2022-01-15 14:57:15,sangat bagus
Safitri Sri Rahayu,1,2022-01-15 14:54:35,Waktu download apk nya lambat
Yuhan Dewii,5,2022-01-15 14:54:02,ramah dan sopanğŸ‘
Hesty Ferdiansyah,5,2022-01-15 14:53:43,ramah amazing
surya palapazi,5,2022-01-15 14:52:05,bagus
sigit thesantos,5,2022-01-15 14:50:24,drivernya good... anda layak dapat bintang
Daboribo Damai boleh Ribut boleh,5,2022-01-15 14:47:48,sangat memuaskan
tarmizi tarusan,5,2022-01-15 14:45:07,memuaskan
rina abid,3,2022-01-15 14:44:11,lanjut
Musiana Lestari,5,2022-01-15 14:30:06,terbaik
Mimin Wulandari,1,2022-01-15 14:29:24,ğŸ™„ğŸ™„ğŸ™„ğŸ¥ºğŸ¥º
Roslita Lantang,5,2022-01-15 14:28:55,mantap
Muhammad Rizal Muttaqien,5,2022-01-15 14:28:49,good ojek
Aprilenci Tangke Nipa,5,2022-01-15 14:28:24,"Intinya bapak nya baik, ramah, dari semua driver bapak ini paling best. Makasih yaa yg sudah ciptain maxim ğŸ˜ğŸ˜"
Hellen RH12,1,2022-01-15 14:19:50,"apk buruk, drivernya jg buruk pelayanannya,dah saran sih gausa download,bayar 10rebu minta 12rebu, bukannya gmna cm tanggung jawabnya kurang"
Nuryadii Cecep,5,2022-01-15 14:19:22,perjalanan yg menyenangkan
Tony fres Tory irawan,3,2022-01-15 14:15:22,lumayan membantu
wtrofficial wtrofficial,5,2022-01-15 14:08:30,"Senang banget menggunakan aplikasi ini aplikasi ini sangat membantu, aplikasi ini membantu masyarakat, nyaman dan aman dipakai, Terima kasih Maxim telah membantu kami.."
Adam Sinaga,5,2022-01-15 14:03:29,bagus
harmonis zainal harmonis,5,2022-01-15 13:59:46,layanan oke
Ichiro Nimura,5,2022-01-15 13:59:17,mantapp
opah rayyan opah,5,2022-01-15 13:58:30,keren
sidoli parjalang,5,2022-01-15 13:55:41,mantap
rio yulanda,5,2022-01-15 13:54:53,terimakasih
Cencina Marbun,5,2022-01-15 13:51:04,ramah
Annora Kalea,5,2022-01-15 13:48:24,drivernya ramah
Annisa dysr,5,2022-01-15 13:47:20,driver nya jujur dan baik bgtğŸ˜­ğŸ˜­ alhamdulillah makasih bnyk mas panjang umur dan sehat terus buat mas driver nyağŸ¥ºğŸ¤—
Rico Mahardika,5,2022-01-15 13:45:48,bagus
Andi Permana,5,2022-01-15 13:41:08,terimakasih
Ifat Qubro90,5,2022-01-15 13:34:13,makasih banyak
Alexander,4,2022-01-15 13:33:46,Membantu dalam pengiriman barang (orderan).
Aly Bin Bapak,5,2022-01-15 13:29:57,amang sampai tujuan. Thx
Nurafni Ifa,1,2022-01-15 13:26:33,"pengemudiny yang kasar, tidak sopan, membentak,,pelayanan sangat sangat sangat buruk"
muchammad kahar,5,2022-01-15 13:24:28,terimakasih
Husarol Hepi,5,2022-01-15 13:18:24,Bagus
zaqwsx zaq,3,2022-01-15 13:11:06,"untung buat penumpang, rugi buat supir yg punya mobil, potongan adminnya 13%, isi dompetnya minimal 50rb melebihi grab dan gocar yg cuma 30rb isinya biar murah via alfamaret karena via doku kena cas bank permata 6500, memang maksudnya untuk menjatuhkan harga transportasi tapi ya mitranya jadi sapi perah, jadi diaplikasi ini penumpang dominan daripada supir, kalo boleh usul bos sekalian beli SPBU biar kasih subsidi ke supir yg punya mobil"
nor afrizon,1,2022-01-15 13:03:30,"Pelayanan buruk, naik maxim car, gak ada ac, mobil kotor. Pokoknya pelayanan yg buruk. Perlu di perhatikan oleh owner. Terpaksa akun akun hapus"
Suyoto Sumindar,5,2022-01-15 12:59:18,"supir baik , memberi informasi tentang daerah baru kita kunjungi"
Tobing Asan,5,2022-01-15 12:55:54,ramah dan terasa aman
Lily Herliani,5,2022-01-15 12:45:40,bagus bangettt
muhamad latif,5,2022-01-15 12:42:32,sangat memuaskan pelayanan nya dan tepat waktu pada saat penjemputan.
makmur psp,4,2022-01-15 12:37:48,cakep
Ilham Momoi,1,2022-01-15 12:33:53,nunggu yang order lama banget!!!
ANAK KAMPUNG,4,2022-01-15 12:15:13,ok
Teddy Indrawan,5,2022-01-15 12:07:47,"Pelayanan di ojol si kuning , drivernya ramah ramah , pembukaan basa basi yg cukup oke , dan harga cukup terjangkau di kantong ."
Mul Yanah,5,2022-01-15 12:05:06,driver yg bgni hrus di pertahankan....gak ada kata cancel walau tarikan kecil...dan kita juga ngerti gak akan ngasih sesuai aplikasi...pasti kita lbhin buat pejuang kluarga
Anugerah Karya Pekanbaru Stell,5,2022-01-15 12:00:40,driver nya sangat baik
Riski Nurhidayanti,1,2022-01-15 11:53:14,Diaplikasi harga 67.000 pas smpek tempat jadi 145.000 merasa dirugikan bngt
Farees mhmd,2,2022-01-15 11:52:44,"tiga kali pesen car, dibatalin sama drivernya padahal udah nunggu lamaa sekali, rudeath"
Lh Hadi,5,2022-01-15 11:51:52,"Jangan lah menjelekan apk ini jika kalian tak suka y tinggal hapus, jika ada driver y tak sopan tinggal d laporkan apa susah y. Emang kita sebagai pengguna banyak yang tak tahu diri argo 7.9k aja masih minta kembalian, coba kalian naik opang gak dapet 10k mikir jangan mencela, saya sudah lama pakai Maxim enak enak aja"
Ainul Yaqin,5,2022-01-15 11:45:50,lumayan lah
Kak Semm Official,5,2022-01-15 11:43:05,good
erwin suradi,5,2022-01-15 11:42:10,good
Iwan Gunawan,5,2022-01-15 11:36:30,mantap
Syafiqah 7201,1,2022-01-15 11:28:16,"Wajar kalau driver maxim ugal ugalan karena upah nya gak sesuai jarak , dan yg paling parah banyak orderan fikti . Yg salah aplikasi nya . Sistem yang buruk . Aplikasi memecah umat hanya mencari keuntungan"
Yossi Suryosumirat,5,2022-01-15 11:19:19,masih lama nunggu nya
Zulfikar Fikar,5,2022-01-15 11:15:29,thanks utk kerja sama nya
Kahfi fajri,1,2022-01-15 11:03:17,"Untuk masyarakat indonesia jangan lah kalian mendownload aplikasi ini , apalagi jadi driver nya . Saya menyesal jadi driver maxim . Sudah susah dapat order , sekali dapat orderan fikti . Saya sudah berbelanja kena tipu lagi . Sudah lapor pihak maxim gak ada jawaban , jangan cuma bisa driver yang di laporkan . Cs juga harus di tindak"
Novia Sarir,5,2022-01-15 10:46:51,Harganya murah...mantap
yuli handayani,5,2022-01-15 10:44:19,Alhamdulillah bapaknya baik bgt mksh bnyk ya pağŸ‘
Putu Gaming,5,2022-01-15 10:43:25,salah kasih 5 bintang
Mirnawati Dewi,5,2022-01-15 10:26:39,baik
Bang Tbn,1,2022-01-15 10:21:06,Tolong dilampirkan juga ongkos perjalanannya. Kemarin ada dan setelah upgrade tidak ada. Drivernya juga masih jauh dari lokasi pengorderan.
Devita Azza,1,2022-01-15 10:06:34,"Jelek. Mapsnya gak jelas. Mau nulis alamat aja susah nya setengah mati. Posisi driver juga salah. Driver2nya juga buruk. Suka cancel order pelanggan. Ada ojol yg bau banget, drivernya, helmnya bau bgt. Bikin trauma naik ojol ğŸ¥´"
Beni Kisworo # Nur Jihaan Qonitah K,5,2022-01-15 10:04:47,ramah
Achong Ronaldo,1,2022-01-15 10:03:01,Aplikasi haram ga guna. Order makanan yg dekat aja cari drivernya lama banget !!! Bahkan sampai ga ketemu2 !!! Ditambahi harga juga tetep ga ketemu padahal ada driver di sekitar.
YUNUS ANIS,5,2022-01-15 09:53:20,hatur nuhun
Anjanie 2610,4,2022-01-15 09:50:17,driver ny saya kasih uang 50 rb blg gk ada kembalian itu karena uang saya cmn 35 rb eh dy malah cemberut ni saya masih baik ksh bintang 4 krn gk mau potong rezeki org sekali lagi sediain kembalian pak kan bukan hrs kayak angkutan umum pake uang pas kecewa aja sih
Reza effendi,5,2022-01-15 09:39:04,semangat bg
Jaka Setia,5,2022-01-15 09:35:06,mantab
Desi Susilawati,1,2022-01-15 09:29:12,Tolong dong di tindak lanjuti aku ketipu seorang driver maxsim mau ngirim paket brupa uang di bawa kabur penipu itu mencemar kan nama driver yang lain yang gk asa salah bakal kena imbas nya driver bernama Rendi irawan dengan plat nomer BG3688ZG tolong di tindak lanjuti penipu itu
SAHABAT HIJRAH,5,2022-01-15 09:23:51,drivernya ramah
Maghda Lena,5,2022-01-15 09:21:47,baguss ramah ojolnyağŸ‘
Dio Irfansyah,5,2022-01-15 09:13:56,terimakasih..
Thary Thary,5,2022-01-15 09:08:20,driver yang sangat baik and luar biasa
Hajijah Jijah,5,2022-01-15 09:07:49,sangat ramah bapa ny saya senang
Wahyu Prasetya,5,2022-01-15 09:00:10,maaf kak kepencet
Ferry Dhiantoro,5,2022-01-15 08:58:23,"keren, kakaknya ramah. dan amanan."
Sisca Damayanti,1,2022-01-15 08:43:58,Skrng pesen makanan sudah ga kaya dulu
Hamzah Alattas,5,2022-01-15 08:43:33,ramah
Geprek Pongset,5,2022-01-15 08:35:42,ok
Aniskurlillah Putri,3,2022-01-15 08:29:47,kurang ramah
Dwi Riski,5,2022-01-15 08:23:29,thankyou bosqueğŸ‘
dedi nandam,5,2022-01-15 08:21:30,"bang kurirnya baik hati ramah dan sabar, ğŸ˜ğŸ‘ terimakasih bang kurir, maaf sdh merepotkn ğŸ™"
Ridwan Ridwan,1,2022-01-15 08:19:06,Komen ya pd buruk sekli ya
joachim mursidi,5,2022-01-15 08:08:14,"sudah bagus, ditingkatkan lagi akurasi petanya. bravo ğŸ‘"
Rony Chandra,5,2022-01-15 08:06:12,amanah
Amin Udin,5,2022-01-15 08:05:47,terbaik...
IGNAS63N channel,5,2022-01-15 08:04:15,driver ramah dan baik ğŸ™ğŸ‘
Fajri Othman,5,2022-01-15 08:00:25,"top la.. hanya perlu tambahan armada, tidak kelamaan.."
Arum kadiasih,5,2022-01-15 07:57:57,pelayanan sangat baik
Merry Agustina,1,2022-01-15 07:49:53,"drivernya sering cancel,tarif nya suka naikÂ¡Â¡"
Yuli Astuti,5,2022-01-15 07:48:12,terima kasih...
niko nasution,5,2022-01-15 07:47:00,driver humble and good service..
Nurlia Family,5,2022-01-15 07:43:40,makasiy
Muchlis Kekeng,5,2022-01-15 07:32:37,"manfaat nya positif, driver ramah"
Delisa putri,5,2022-01-15 07:30:58,baik
Safar Karepesina,5,2022-01-15 07:27:52,terbaik ğŸ‘
Indana Abila,5,2022-01-15 07:10:57,"baru coba dan murah sekali ongkos nya, semoga tetap bisa memuaskan customer dan mensejahterakan para driver"
agus wahyudi,5,2022-01-15 07:10:14,ğŸ‘ğŸ‘ğŸ‘ğŸ‘ğŸ‘ğŸ‘ğŸ‘ğŸ‘ğŸ‘ğŸ‘ğŸ‘ğŸ‘ğŸ‘ğŸ‘ğŸ‘ğŸ‘ğŸ‘ğŸ‘ğŸ‘ğŸ‘
Wulan Septiyanii,5,2022-01-15 06:43:35,pengemudi nya sangat baik dan ramah.jangan lupa rating buat ni org taikin ya mindd
Bakrin Bae,5,2022-01-15 06:43:15,mantap
Cichy indu,4,2022-01-15 06:39:53,"bagus, murah cuman ada beberapa titik lokasi yang gak ada.."
Leli Angraeni,5,2022-01-15 06:39:45,pengemudinya sangat sopan dan baik
Ella Alvani,5,2022-01-15 06:36:51,sangat ramah driver nya
Boy lucky,5,2022-01-15 06:26:08,mohon maaf bg saya terpesan 2 x
Kesya Amandita,5,2022-01-15 06:25:56,bgusss
Edel Gita,5,2022-01-15 06:20:16,good
Sudianto Situmeang,5,2022-01-15 06:14:36,sopan dan memuaskn
Muhamad Rafiq,5,2022-01-15 06:12:43,Bintang yg berbicarağŸ˜ŠğŸ‘ğŸ™
Adin Triya,5,2022-01-15 06:02:39,ğŸ‘ğŸ‘ğŸ‘ğŸ‘ mantap dah
SRYHASTUTY SAHA,5,2022-01-15 06:02:30,Mantap
Yestelin Kawoka,5,2022-01-15 06:01:24,Terima kasih
Ade Pratiwi,5,2022-01-15 05:45:41,driver cepat sampai dan ramah
Mahabbatul Hijrah,5,2022-01-15 05:43:03,mantaaap playanannyğŸ‘ğŸ‘ğŸ‘
baldy batroc,1,2022-01-15 05:36:35,"gpsnya gak akurat, rumah gw di komplek lama gak terdaftar"
em nasron,5,2022-01-15 05:27:59,mantaplah
Maria Mora Hasibuan,5,2022-01-15 05:19:58,So Far bagus aja sih selama ku pake maxim ini
Zidan Maulana,5,2022-01-15 05:17:36,terimakasih sudah antar anak saya.....Masnya penuh tanggung jawab
Herbat Aja,5,2022-01-15 05:08:17,oke
Darman01 Harefa,5,2022-01-15 05:06:57,sangat baik
Pian Wae,3,2022-01-15 05:04:42,driver nya ramah dan baik
Helma Pasomba,5,2022-01-15 05:03:51,ğŸ‘ğŸ‘
Ale Fasttech,5,2022-01-15 04:56:54,terima kasih ke pak atas kesabaran nya terhadap customer
Nasrullah Asrul,5,2022-01-15 04:54:43,driver nya baik makasih maxim
Asri Della Monika,5,2022-01-15 04:51:16,mas rianullah sangat ramahğŸ™
ine mariyanti,5,2022-01-15 04:46:27,masih murah dan bagus pelayanannya
Chandra Anda,5,2022-01-15 04:38:31,"jemput nya gak. Lama. orangnya juga Ramah, ngebantu sy angkat beras. perjalanan. nya Enak dan Aman."
Ahmad Ocha,5,2022-01-15 04:37:10,good
Aris Setiawan,5,2022-01-15 04:34:57,"DIBALIK KEMURAHAN TARIF , ADA SEORANG YANG MERASA DIRUGIKAN . YAITU DRIVER"
robby robby,5,2022-01-15 04:30:17,driverx ramah
Ardiansyah Sastra,5,2022-01-15 04:26:41,akor nian
Yan Zikry,5,2022-01-15 04:25:38,terimakasih pak
Qika Lubis,5,2022-01-15 04:22:15,keren maxim
Firda Us,5,2022-01-15 04:19:46,okee
Maria Contesa,5,2022-01-15 04:05:14,Terimakasih abang....Top Markotop... Tepat waktu....
Yesi Okta,5,2022-01-15 03:56:02,bagus
Farilanda ilha,5,2022-01-15 03:51:08,maasyaaAllaah
Nano Umboro,5,2022-01-15 03:40:53,driver ramah
Ternak Unggas Al Afif,5,2022-01-15 03:33:07,sangat ramah ğŸ‘ğŸ‘ğŸ‘
Rajadi Rajadi,5,2022-01-15 03:29:10,sangar membantu untuk bepergian
Bastian Stel,5,2022-01-15 03:23:06,Maxim aplikasi yang membantu
Dava Andre,5,2022-01-15 03:09:21,ramah
Rama Maloka,4,2022-01-15 03:09:10,pengudi ramah dan baik
m.hafizh rabbani,5,2022-01-15 02:51:21,mantap
Vega Zr,2,2022-01-15 02:51:00,Tidak ada tombol percepat
ATR minang,5,2022-01-15 02:47:31,ok
Maulana Malik Al Kahfi,5,2022-01-15 02:40:05,Terimakasih
Bakal Sugih,3,2022-01-15 02:37:58,Ini aplikasi tolong di perbaiki.. gila banget gue pesen 1. Malah dpt 5....wonv edan
Yane Nurul,5,2022-01-15 02:36:17,drivernya ramah..cepet sampenya juga..
Azray 86,5,2022-01-15 02:20:30,"Sangat membantu customer, super murah ğŸ‘ğŸ‘ğŸ‘ğŸ‘"
Marisha Siltafany,5,2022-01-15 02:19:42,Terimakasih
Chandra Chitompoel,4,2022-01-15 02:14:18,Baik
Andre Felix,5,2022-01-15 02:11:56,"Order telah dipenuhi oleh: Arianto dengan Motorcycle, warna merah, nopol BE6199RP. Terima kasih atas perjalanan Anda!"
ima mukaromah,5,2022-01-15 02:07:57,Terima kasih banyak
Farida Umi Inayati,1,2022-01-15 02:01:18,Input alamat sering tidak terdeteksi.. Alamat tdk tercantum.. Dan kita gak bisa nulis manual.. Aneh
Channel R.N,5,2022-01-15 01:54:32,driver maxim sangat membantu. terimakasih
Batam Kepri,5,2022-01-15 01:52:57,good
Nanjar Sanjaya,5,2022-01-15 01:51:59,pertama order Maxim driver nya baik banget makasih ia..
Vicky Apriyana Firdaus,5,2022-01-15 01:47:17,terima kasih ğŸ™
Bunda Mishary,5,2022-01-15 01:45:10,"harga bersahabat, jauh lebih hemat, dan ada layanan fasilitas pijat"
Yohana Caroline Totoda,5,2022-01-15 01:40:16,ğŸ‘
Tya alfriana,4,2022-01-15 01:34:50,baik
Yurri Rizki,4,2022-01-15 01:23:00,ramah dan nyaman dlm berkeendara
Yoga Kurniawan,5,2022-01-15 01:11:12,ramah
Dede Rastavara,5,2022-01-15 01:06:44,bagus
edy casela,5,2022-01-15 01:06:10,mantap...
Lutpie Fauzi,5,2022-01-15 01:04:07,tetap semangat walau hujan . jos
AteXus KutusKutus,1,2022-01-15 01:02:13,Transportasi ojek online dengan map paling jelek harga paling ekonomis tapi percuma kalau kita susah menentukan titik jemput dan titik sudah 2 tahun Maxim tidak diperbaiki problem bikin jengkel !!!!!
Aldho Kusuma,5,2022-01-15 01:02:10,Driver Ramah...
Agus Gusti,5,2022-01-15 00:51:25,ramah banget
Dedi Suwantoro,4,2022-01-15 00:43:27,mantap
Suprik AGO,5,2022-01-15 00:42:17,bagus
oMJimz Channel,5,2022-01-15 00:39:19,terima kasih atas pelayanannyağŸ™ğŸ™ğŸ™
Vian Petor,5,2022-01-15 00:38:45,"supel,"
Ayu 04052016,5,2022-01-15 00:38:20,sangat bermanfaat bagi semuaa
ABDE PRATAMA PURNA,5,2022-01-15 00:34:32,drever ramah dan baik sekali. good job buat drever dan sehat selalu ğŸ™‚
Roy Cand,5,2022-01-15 00:33:22,ok
respeck id,5,2022-01-15 00:31:06,kurirnya gercep responya cepat
Maria Sinaga,5,2022-01-15 00:30:15,murah dan aman ğŸ‘ğŸ‘ğŸ‘ğŸ™ trimakasih
Muhammad Gustaf Hamdani,1,2022-01-15 00:29:25,"Map belum lengkap, ui yang mononton"
Nurfitrah,5,2022-01-15 00:28:46,bagus
Susah Tidur,5,2022-01-15 00:04:34,Top
Siput Siputih,5,2022-01-15 00:03:44,driver baik. smangat kaka
Nayla Natasya,5,2022-01-14 23:54:59,ğŸ˜Š
VANYA BROWNIES,5,2022-01-14 23:32:55,terima kasih...dilancarkan selalu rezekinya
Boby Abdi,4,2022-01-14 23:21:23,titik jemput masih manual plotting
Doni Gusari,4,2022-01-14 22:57:38,"Order telah dipenuhi oleh: Dodi Haryadi dengan Suzuki Ertiga, warna putih, nopol BA1057AL. Terima kasih atas perjalanan Anda!"
Rifki Hidayat,5,2022-01-14 22:25:40,terimakasih
Zwie Dha,5,2022-01-14 22:06:29,Trimksih
Putra Jaya,5,2022-01-14 21:10:04,pelayanan sangat baik
YOLAN MELDI SAPUTRA,1,2022-01-14 20:36:24,Aplikasi ga guna masa iya pas pesen mampir di fotokopian bentar fi tingalin dong di chat ga balas balas sangat ga recoment
Wisnu Mubarok,5,2022-01-14 18:12:36,mantapğŸ‘ğŸ‘
Samsul Huda,5,2022-01-14 17:55:20,ok
Saya Ningsih,5,2022-01-14 17:04:01,sangat baik dan ramah
"Moh.Hanief Hambali,ST",5,2022-01-14 16:58:07,lumayan ğŸ˜€
Rafli Wahyu Saputra,5,2022-01-14 16:57:16,sangat baik dan frendly
Lusi Syam,5,2022-01-14 16:55:23,takkan kelain hati
deni febrian,5,2022-01-14 16:39:58,mantap
"Ferijana Habibie, SE, MM.",5,2022-01-14 16:37:51,"katanyaaa kakk ramaaaah, jdi di suruh kasih bintang 5"
Castali Neta,5,2022-01-14 16:03:33,"ramah, cpt, sopan"
Dasha Alifya,5,2022-01-14 15:46:25,Harga terjangkau
Pelangi Reklame,1,2022-01-14 15:43:08,"Aplikasi tek berguna.. driver se enaknya main cancel, dan bilang pesanan anda udah terpenuhi..gilaak, naik ke motor drivernya aja kagak..emang parah maxin sekarang, mending pindah ke gojek atau grab biar lah mahal tapi sopan dan tidak mau main cancel2"
Samsul Hakim,5,2022-01-14 15:23:02,Baikkk banget... firsttime dapet driver terbaik kek dia. sukaakkkkkk bangetttttttt perjalanan bersama maxim memang the best .... ğŸ˜ğŸ˜ğŸ˜â¤ï¸ğŸ˜â¤ï¸ğŸ˜â¤ï¸ğŸ˜â¤ï¸
Abdul Qadir,5,2022-01-14 15:22:54,baik
Eka Puspita,5,2022-01-14 15:09:31,makasih ya pak
Lambe Tube,5,2022-01-14 14:50:39,sehat selalu pak
Arman Jie,5,2022-01-14 14:45:29,layanannya sangat baik
Sandika Putra,5,2022-01-14 14:41:09,"sukses selalau para driver maxim, palayanan sanggat puas ramah sopan"
Andi Asmar Wirawan,1,2022-01-14 14:26:53,Aplikasi paling buruk ğŸ‘ğŸ‘
Riduwan Betser,5,2022-01-14 14:14:54,terimakasih kk
Codoyk cod,1,2022-01-14 14:06:31,Susah di buka
Yos Harut,4,2022-01-14 14:03:33,Estoy satisfecho por servicio de ustedes
Muh rafli,5,2022-01-14 14:01:52,bapaknya baik tawwa
Muhammad Media Fadli,5,2022-01-14 13:59:55,Terima aksih bnyak
Manja Lucu,5,2022-01-14 13:59:50,driver sabar dan mau otw meski dari jauh
Ira Puspita,2,2022-01-14 13:57:50,titik2nya blm sempurna. masa yg dikirimnya siapa jg tdk ada t4 utk info nomor hp nya permah ada driver kirim ke rmh saya. tanpa nanya apa2 dia lgsg maen kasih aja. pdhl salah rumahnya... dia jg ga nanya2 dl apakah betul penerimanya nama siapa nomor rmh betul ga... lgsg maen kasih2 aja... untung sy cari. sudah hampir dibuang sm tetangga saya. parah
Cika Devina,4,2022-01-14 13:56:09,kbnyakan tidak mau jmpt
Sukma DewI,5,2022-01-14 13:54:15,ramah bangett
muslihun lihun,5,2022-01-14 13:42:58,baguus puas bangeet
ham bali,5,2022-01-14 13:33:53,Mantap dan sangat membantu
Harum Kresna 37,5,2022-01-14 13:24:21,terima kasih
Elza Ayu,5,2022-01-14 13:20:35,good
Widada Widada,5,2022-01-14 13:00:23,terimakasih bayak .. top Deah maju trs maksim
Taupik Hidayat,5,2022-01-14 12:59:36,puas sekali pke maxim
Arfan Paal_Merah_CCTV,5,2022-01-14 12:58:46,mantap
Nurfadhilla,5,2022-01-14 12:58:14,oke. bagus banget
Haris Man,4,2022-01-14 12:54:46,good
Anas Tgk,1,2022-01-14 12:51:09,Aplikasi ap ini ak order cuma tunggu ak belik rokok udah marah2
RF PANDU_14,4,2022-01-14 12:36:13,"Tolong Pihak Maxim Map Nya Di Tambahin, Jangan Kota Masing"" Kalo Bisa Se IndonesiağŸ˜„"
Kucing Kucingg,2,2022-01-14 12:33:29,"aplikasi gajelas, driver kadang gajelas juga"
yelda Haning,5,2022-01-14 12:29:22,terbaik
Denny Andi,5,2022-01-14 12:27:56,mantab
Meriyanti Pobi,5,2022-01-14 12:27:30,baik dan ramah
Amel Umar,5,2022-01-14 12:17:27,Sangat baik dalam perjalanan terimakasih ğŸ™ğŸ™ğŸ™
Yanthi Chu,5,2022-01-14 12:14:42,"amanah, ramah. makasih.ğŸ‘"
Capung Jarum,5,2022-01-14 12:11:16,Mantab ğŸ‘ğŸ‘
Ahmad zaini,5,2022-01-14 12:00:19,Sangat membantu dan sangat ramah
Misbakhul Marley,1,2022-01-14 11:47:08,Susah di gunain untuk beli makanan terlalu ribet
Horas marsada chanel,5,2022-01-14 11:22:09,terimakasih
Hoki 99,5,2022-01-14 11:21:27,bagusss sekali
Cheon Ma,1,2022-01-14 11:13:10,"Mantep nih aplikasi, drivernya banyak alasan padahal udh sampe rumah tapi minta cancel dengan alasan ga jelas dan juga tujuan bisa jadi lokasi jemput hebat banget emang."
Nilam Cahya,5,2022-01-14 11:10:43,terimakasih
Suhendar Hendar,4,2022-01-14 11:03:57,driver ramah
Noey Aurora,3,2022-01-14 11:02:30,"Adain kode promo donk,"
Dini Lestari,5,2022-01-14 10:52:45,Baik dan ramah
dira kanza,5,2022-01-14 10:49:45,makasih pak
Rizwan kalalo,5,2022-01-14 10:46:24,"mantappp cepat sesuai lokasi, trims babang maxim"
Mitramandiri Mandiri,5,2022-01-14 10:45:34,top
Siti Rahmawati,5,2022-01-14 10:42:14,pelayan bagus
saldhy As,5,2022-01-14 10:33:59,sangat membantu
Eddy Triyadi,5,2022-01-14 10:25:16,ok
Eman Kenshi,5,2022-01-14 10:16:45,kurirnya cepat dan ramah
yoga mansyur,5,2022-01-14 10:03:44,drivernya oke sampai mau bantu urus masuk sampai dalam. sukses terus maxim
Sandi ROBTS,5,2022-01-14 10:00:15,keamanan baik
Zhang Fu Jing,1,2022-01-14 09:59:28,"Kenapa sih kalo pas hujan, cari mobil maxim susah cari pengemudinya. Pada di up harganya. Ribet jadinya. Yang mau buruburu pulang jadi susah.lama."
Nhurjana Lakaseng,5,2022-01-14 09:45:40,baik
ridho mendrofa,5,2022-01-14 09:30:13,drivernya ramah
benk sky,5,2022-01-14 09:23:22,terimakasih
Sandra Pasca Gempita,5,2022-01-14 09:15:41,ğŸ‘
Arka athalla,5,2022-01-14 09:09:43,ramah
Ferdi Effendi,5,2022-01-14 09:09:04,"tepat,cepat & ramah"
Ibrohim Ajah,5,2022-01-14 09:04:16,trimakasih driver nya baik da sopan...
Om Gundul,1,2022-01-14 08:55:39,"Tarifnya terlalu murah, customer senang, maxim senang deiver ancur ğŸ¤£"
Celly Poluan,5,2022-01-14 08:55:24,"Transportasi murah meriah, sekarang Maxim banyak di mana2, saya senang harga nya beda, kalau ada yg murah kenapa pilih yang mahal, maju terus Maxim ğŸ‘ğŸ‘ğŸ‘"
uli barupurba,5,2022-01-14 08:52:10,baik
Faradilla Putri,5,2022-01-14 08:48:17,driver sopan baik
Syarifah Berlian,5,2022-01-14 08:47:47,mantap
Siti Rosmaria,5,2022-01-14 08:43:43,its OK
MyxS,1,2022-01-14 08:42:03,Aplikasi tolol
Khotim Khasanah,5,2022-01-14 08:35:31,"terimakasih bapak , ramah bgt"
58_Reva Firatama Hazeda,5,2022-01-14 08:31:13,terima kasih
Sri Budiyati,5,2022-01-14 08:17:18,Sangat baik. Terimakasih
Mus Fira,5,2022-01-14 08:15:16,ramah
Rezky Ramadhan,5,2022-01-14 08:08:44,Driver ramah dan nyetirnya baik.
Sharon Februalika,5,2022-01-14 08:01:22,terbaik memangğŸ‘Œ
Ria Novan,5,2022-01-14 08:00:45,bagus
Abuya 1908,5,2022-01-14 07:58:02,Om nya Ramah dan bersahabat...
atika atika,5,2022-01-14 07:51:01,mantap
Ceceng,5,2022-01-14 07:46:15,penjemputan tepat waktu
hermawan sah,5,2022-01-14 07:40:59,bagus
Ahmad Syabani,5,2022-01-14 07:32:48,cepat
Wulan Sari,5,2022-01-14 07:31:49,bagus
Sesi Anggeraini,5,2022-01-14 07:28:12,Pengemudi ramah dan baik
heldi mahfudin,5,2022-01-14 07:26:13,cukup tanggap
Firman S wijaya,4,2022-01-14 07:24:25,ckup bagus
Syamsul Bahri,5,2022-01-14 07:22:39,sangat ramah
Lien Public Speaking,5,2022-01-14 07:18:47,makasih mas.. pelayanannya memuaskan
anak design,1,2022-01-14 07:17:53,"Ini aplikasi susah kali make nya. Saya mesannya cuman satu. Tapi kok ke pesan dua dan driver yang saya kensel malah marah- marah dan mengeluarkan kata kata kotor yang harusnya gak di ucapkan. Saya juga udah minta karna, kurang tau cara pemakaiannya... Gak mau lagi pake Maxim. Bukannya nolongin malah bikin risih. Mending saya pindah ke go- jek aja. Biar lebih mudah... Pemakaiannya."
Fery Irawan,5,2022-01-14 07:15:11,trrima kasih pak rizal.. good jobb..
Arliano ID,5,2022-01-14 07:09:23,sangat menarik
Nike Robels,5,2022-01-14 07:03:34,cepat dan ramah
Abduh Rusdiyansyah,5,2022-01-14 07:03:11,mantap lha dari pada Aplikasi sebelah Mahalll
Muhammad Hasrul,5,2022-01-14 06:59:30,"cepat dan ramah, terima kasih banyak sehingga saya tidak telat acara"
Pelangi Pelangifortuna,2,2022-01-14 06:52:53,bagus
Nuraini Dwi Lestari,5,2022-01-14 06:51:36,Ini bagus sekali dan murah silakan mencoba
cahyadi ningrat,5,2022-01-14 06:44:05,maaf baru kasih ulasan..saya baru kamren mencoba..dan saya sangan puas dengan pelayanannya.good jobb..
Iruna Aomy,5,2022-01-14 06:40:04,"selama makai maxim belum pernah sih Alhamdulillah ketemu driver aneh, titik gps juga enak makainya klw gak ada di peta tinggal tarik kan, terimakasih maxim, semoga semakin bagus ya..."
Erna Yuniarsih official,5,2022-01-14 06:38:06,"aplikasi nya sangat membantu sekali, cuma sayang ditempat saya masih agak susah mencari drivernya"
piar jordi,3,2022-01-14 06:21:32,"Ini setiap mesen dapet yg jauh terus , padahal driver yg deket ada"
Daffa Islamy p,1,2022-01-14 06:20:28,Kalo buat map itu yang bener gak usah buat kalo gak bisa mending pake gojek apa grab deh masa pesen di Bekasi malah dapet Abang nya yang di sunangiri benerin jangan makan uang doang bisa nya benerin map nya
syamsuriadi Yadie,5,2022-01-14 06:19:13,Bagus
Bu_dhy Shanjaya,5,2022-01-14 06:18:23,"terimakasih pak Maxim,sehat slalu,dan sukses slalu dan ttp semangat,,semoga berkah,ammiinğŸ¤²"
Ihza Mahendra,1,2022-01-14 06:15:38,Aplikasi jelek jaringan full malah loading gak jelas aplikasinya
Nur Syafanah,5,2022-01-14 06:13:12,"cepet banget, layanannya bagus"
Sardjeto Djeto,5,2022-01-14 06:10:01,Mantap
benzo udin,5,2022-01-14 06:08:50,pelayanan bagus..tepat waktu
neni Sumarni,4,2022-01-14 06:07:37,titik sedikit kurang akurat
Su Marni,5,2022-01-14 06:01:19,"semoga cepat diupgrade, agar lebih bagus, dan map lebih jelas lagi"
Fidahandayani Yani,5,2022-01-14 05:58:04,sopan. nyaman.
pratika yasmin,1,2022-01-14 05:43:32,"Ya Allah, salah banget ini download aplikasinya gak liat rate sama komen komen yg lain. Ternyata bener separah itu ya. Liat udah Ada yg 2th pakai aplikasinya berarti bukan baru ya? Nah ini pengalaman pakai perdana udah bikin emosi. Rata rata karena perlakuan driver nya. Tidak sopan dan kasar. Bahkan mengancam melaporkan no tlp kita segala. Hadeuuuh. Mohon maaf ya mom in semoga bisa di perbaiki segera."
Al Toni adi jaya,5,2022-01-14 05:41:02,good
Yulia Anggraini,4,2022-01-14 05:40:23,sejauh ini pelayanan maxim okğŸ‘
Shani Yuliartha,1,2022-01-14 05:35:28,"pengemudi tidak memeriksa pesanan lebih dulu, responnya jugaa kurang baik"
Verlita Bernida,5,2022-01-14 05:31:15,bagus
XI AKL2 Cucu,3,2022-01-14 05:27:30,"Maxim memang murah tapi menurut saya ga menjamin keselamatan,beberapa kali saya naik maxim dan selalu ketemu sama driver yang ugal ugalan"
Anik Nurani,5,2022-01-14 05:23:57,Mantap
Dewinta gultom Gultom,5,2022-01-14 05:03:15,sangat baik
KESEHATAN ALAMI,5,2022-01-14 04:55:43,Bagus... Tp saya ternyata gk jadi berangkat. Pengemudi nya sangat baik dan ramah
Martinus lk,5,2022-01-14 04:55:11,ğŸ‘ğŸ‘ğŸ‘
yudith christa,3,2022-01-14 04:52:44,"banyak yang mesti diperbaiki aplikasinya,,"
Irsan Irsan,5,2022-01-14 04:45:54,mantap
A.S GALERI,5,2022-01-14 04:40:16,baik
Retno Sandrawati,5,2022-01-14 04:39:37,Cepat dn murah ... Tp maaf tdi ngebatalin pesanan karna anaknya sdah plng ...
Tukiman BG_MDN,1,2022-01-14 04:36:13,Lama dapat driver nya...
Jamil Jamil,5,2022-01-14 04:14:30,ramah
fine nada,5,2022-01-14 04:10:57,"sopan, sabar"
Zachsad Salindeho,5,2022-01-14 04:09:51,mantap
koko laundry,2,2022-01-14 04:09:23,Harga ok... Namun sering kali driver tidak membaca cacatan yang di tinggalkan... Entah itu karena aplikasi tidak memunculkan cacatan atau driver nya yang tidak mao membaca... Terima kasih
Dwi Puspa Anggraini,5,2022-01-14 04:08:24,good
Septi Aida,3,2022-01-14 04:04:24,"Aplikasi ga bisa menyimpan alamat lengkap , jd klau mau ke tempat tujuan ribet harus buka peta ,banyak membuang waktu,"
Sofi Aulia,5,2022-01-14 04:03:39,ramahh dan sangat berhati hati
Sunartin Titin,5,2022-01-14 03:57:12,maxim sangat membantu banget makasih
Elvi Susanti,5,2022-01-14 03:54:24,amanah..ğŸ‘
Desy Umar,5,2022-01-14 03:49:50,driver ramah dan hati2 dijalan..
Muchtar Ridha,5,2022-01-14 03:43:57,"Pelayanannya baik,ramah."
Alfaero Lobot,2,2022-01-14 03:41:23,Tolong map ny di lengkapin soalny gw mau ke rmh udh gw serch tpi gk dapetÂ² tolong di perbanyak mapny
Widodo Klasik,5,2022-01-14 03:39:36,Mantap
Susyanti Dumbela,5,2022-01-14 03:33:25,thx maxim
Medan Sunggal,5,2022-01-14 03:32:29,Teransportasih yg terjangaku
Ryuqi Ngaturlahh,5,2022-01-14 03:31:29,mksih
nopay,5,2022-01-14 03:26:17,kurir ramah
neng dean,5,2022-01-14 03:15:12,oke
Lanny Dale,5,2022-01-14 03:05:01,bagus dan sopan
Charles Lubis10,5,2022-01-14 02:51:35,terimakasih
Ika Ikoo,2,2022-01-14 02:34:44,"Tolong tampilan MAPS nya dibuat biasa , seperti Google, seperti punya grab atau gojek, ini maps tampilan aneh, titik ga pas kadang ga muncul di peta macim, suka susah nyarinya, harus dicari manual. Menyusahkan.. Truss tolong, kalo nyarikan driver itu yg terdekat dari titik dong, kadang dptnya driver yg titiknya jauuuuhhhh bgt dr penjemputan, Trus tolong dong, di chat aplikasi dikasih menu kamera, biar cust itu tauuu, barangnya sudah diterima oleh siapa kl ada fotonya, biar lebih jelas."
Awie Syafaat,5,2022-01-14 02:33:36,mantap
oppo a54,5,2022-01-14 02:32:48,maksih pak
NENSIH NENSIH NENSIH,5,2022-01-14 02:30:07,good
Anita Yusdaniah,5,2022-01-14 02:27:04,makasih mas sehat selalu lancar rezekinya
Siti Robiah,5,2022-01-14 02:25:06,baik
ROcHm4Ï€ 191,5,2022-01-14 02:16:24,oke
syafarianto 225,5,2022-01-14 02:16:12,ğŸ˜‰ğŸ˜‰ğŸ˜‰
Evitiara,5,2022-01-14 02:14:23,kurir sangat ramah
Muhammad Anas,3,2022-01-14 02:13:06,Saran aja buat maxim .. pilihan menu di aplikasi nya mending di pisah2 saja kayak produk sebelah ..jadi pelanggan enak mau nentuin nya bukan di campur aduk ..sama di buat lebih menarik tampilan menu nya karena saya rasa kalah jauh tampilan menu nya dari produk sebelah ..itu mnurut saya jg mmpengaruhi pengguna maxim ..terima kasih
sabirun ptk,1,2022-01-14 02:10:49,Ok
takdir tahir,3,2022-01-14 02:05:44,lokasi masih banyak yg ngaur
Meilog Tujuh,5,2022-01-14 02:04:57,driver nya baik
Kurnia budi Warman,5,2022-01-14 01:55:12,Sangat bagus
awal kun,5,2022-01-14 01:51:28,ok
kirno komputer,5,2022-01-14 01:46:15,driver ramah..motor terawat..suara mesin halus..pengendalian motor enak..driver sambil curhat...hampir salah jemput krn ada 2 driver datang bersamaan
Arief Rachmad,1,2022-01-14 01:39:05,"Aku baru aja download maxim. Aku isi profil tapi utk tgl lahir ndak ada kolom/warna jelas utk nunjukkan pilihan tgl lahir. Akhirnya aku salah isi tgl lahir. Yai gak..??? Waktu mau aku revisi tgl lahir, ternyata menu tgl lahir ndak bisa di edit. Dari langkah awal aja maxim bisa dikatakan maxim ndak mau ada kesalahan atau kesalahan dibebankan ke konsumen. Jadi kuatir kalo pake maxim, jika nanti ada komplen soal sistem/driver, konsumen yg disalahkan. Aku uninstall lagi."
Dessy Lestari,2,2022-01-14 01:35:03,"susah nyari titik penjemputan/pengantaran.. Trus sering d bikin jengkel, meskipun murah tapi lamaaaaaa bgt dtgx, krna jauh mgkin.. Dan sering kesel krna udh coba d batalkan sblm nemu pengemudi, pas udh order ke apk lain.. mlah tiba2 driver udh smpe ktax, malah qta yg d marah2in, pdhl kan jelas2 d batalkan sblm dpt driver.. Malah pernah ampe 2 jam nunggu d jmput orderan, g da info chat apa2 g d blz.. Pokox maxim sering bikin kesel"
Rohim,1,2022-01-14 01:29:36,Ongkos y di naikin lagi lah we. Kasihan driver y dekat jauh sama aja 7.9 kak. Naikan jdi 2500 /km.
refi Saeful iman,5,2022-01-14 01:26:17,nuhun
Aci Cici06,5,2022-01-14 01:23:04,mantappp
Azka Naufal Randy Pratama,5,2022-01-14 01:13:40,pengemudinya baik & sopan
Intan Musleha,5,2022-01-14 00:56:53,sangat bagus ramah
Ardi Maulana,5,2022-01-14 00:53:58,trimakasih saya senang
bety ayujunisa,5,2022-01-14 00:50:50,"oke,"
As Ran,5,2022-01-14 00:43:50,Lalmdfm
Adeeva Nazinda Putri Channel,5,2022-01-14 00:38:53,Maxim sangat membantu
RIDIA TV,5,2022-01-14 00:37:33,tepat waktu. ramah
Werkudoro Ismail,3,2022-01-14 00:32:27,trima kasih utk pribadi saya
Jeremy Siringoringo,5,2022-01-14 00:25:19,maaf apa sy salah pencet ya baru pakai maxim mau kasih jempol kog..ğŸ™bapaknya ramah cepat datang
Ponco prio Utomo,5,2022-01-14 00:21:49,terima kasih
Nourry Pangkerego,5,2022-01-14 00:18:22,Bapaknya baik dan sopan ğŸ‘ğŸ‘ğŸ‘
sarinah rambe,5,2022-01-14 00:16:59,baik sekali
