web-scraper-order,web-scraper-start-url,ulasan
"1626441946-104","https://play.google.com/store/apps/details?id=com.appsfoundry.scoop&showAllReviews=true","Saya ingin bertanya baru saja saya berlangganan , namun ketika mau liat"" Koleksi buku selalu membal ke utama itu kenapa ya"
"1626441946-128","https://play.google.com/store/apps/details?id=com.appsfoundry.scoop&showAllReviews=true","Makin error aja aplikasinya. 1.Pembayaran susah kurang banyak cara bayar 2. Sdg masa paket tiba2 tdk bisa unduh dan baca, begitu reinstal semua koleksi lenyap. 3. Kembalikan cara pembayaran via gopay dong"
"1626441946-170","https://play.google.com/store/apps/details?id=com.appsfoundry.scoop&showAllReviews=true","Alangkah lebih baik kalau bisa fitur mode gelap (dark mode) soalnya mata perih kalau lama² lihat sinar putih."
"1626441946-152","https://play.google.com/store/apps/details?id=com.appsfoundry.scoop&showAllReviews=true","Keren. Tapi saran aja klo bisa ditamabhin fitur lain kayak higelight tulisan yg penting, underline atau fitur pencahayaan yang lebih beragam kayak dark mode biarpengalaman baca kita jadi lebih nyaman."
"1626441946-120","https://play.google.com/store/apps/details?id=com.appsfoundry.scoop&showAllReviews=true","bagus bgt, tapi mau saran supaya bisa dikasih stabilo atau fitur coretan, atau tambahkan add note supaya lebih hafal lagi."
"1626441946-129","https://play.google.com/store/apps/details?id=com.appsfoundry.scoop&showAllReviews=true","Tampilan halaman utk buku yg baru update sangat tidak nyaman untuk membaca lama. Beda dgn buku buku yg di telah lama di update. Tolong kembalikan ke versi sebelumnya"
"1626441946-205","https://play.google.com/store/apps/details?id=com.appsfoundry.scoop&showAllReviews=true","jenis aplikasi yg tidak jelas... saya hanya ingin beli satu buku, pada ingin bayar atau pilih lanjut, seketika itu pula ber_ubah menjadi paket premium,, dan ketika ingin d transfer bermasalah. tolong d perbaiki ya, seperti applikasi2 online yg lainnya..banyak cara untuk memperbaiki, jangan sampai ke...Ulasan Lengkap"
"1626441946-197","https://play.google.com/store/apps/details?id=com.appsfoundry.scoop&showAllReviews=true","Langganan Pos Kota 1 Bln 59 Ribu. Dikirim 1 Hari Aja. Kata Nya 1 Bulan. Mahal Banget 1 Koran Pos Kota 59 Ribu. Tolong Penjelaaan Nya Ini Bagaimana ??? Edisi Tgl 9 sampai 12 May (4 Hari) sudah tidak Dikirim Ebook Poskota. Judul Nya Jadi 1 Edisi Bayar 59.000 Padahal Padahal Ditukang Koran 1 Edisi Hany...Ulasan Lengkap"
"1626441946-145","https://play.google.com/store/apps/details?id=com.appsfoundry.scoop&showAllReviews=true","Sdh di bayar tapi TDK bs di unduh , percuma bayar paket bulanan"
"1626441946-113","https://play.google.com/store/apps/details?id=com.appsfoundry.scoop&showAllReviews=true","Harga murah namun dengan fitur yang sangat minim"
"1626441946-112","https://play.google.com/store/apps/details?id=com.appsfoundry.scoop&showAllReviews=true","Kenapa layarnya putih semua ya tiap dibuka. Padahal urah updste"
"1626441946-107","https://play.google.com/store/apps/details?id=com.appsfoundry.scoop&showAllReviews=true","Bagaimana caranya ubah ke versi *.pdf kalo baca buku? Saya tidak terbiasa baca yang versi reflow text"
"1626441946-103","https://play.google.com/store/apps/details?id=com.appsfoundry.scoop&showAllReviews=true","Semuanya sudah bagus kak, hanya saja ada bug saat menghapus ebook yang di download dan bagusnya lagi ditambah kan fitur yang bisa kita cek untuk mengetahui ebook ebook terbaru di gramedia digital"
"1626441946-91","https://play.google.com/store/apps/details?id=com.appsfoundry.scoop&showAllReviews=true","Kalau ada bintang 100 juta, saya akan kasih untuk aplikasi ini. Jujur biasanya saya malas mau kasih rating2 dan bercuap2 di kolom komentar seperti ini (meski aplikasi buruk sekalipun), tapi untuk kali inu saya sangat mengapresiasi gramedia untuk tetap terus mengembangkan aplikasi ini agar lebih semp...Ulasan Lengkap"
"1626441946-157","https://play.google.com/store/apps/details?id=com.appsfoundry.scoop&showAllReviews=true","Saya berlangganan Gramedia digital tiap bulan. tolong update aplikasi ini. berikan fitur memperbesar dan mengecilkan font. saya baca dari hp. minus mata banyak, alangkah nyaman jika font bisa diperbesar tanpa 200m in."
"1626441946-196","https://play.google.com/store/apps/details?id=com.appsfoundry.scoop&showAllReviews=true","Saya sudah bayar yang akun premium 89.000 melalui gogle play tapi akun saya tetap belum premium dan tidak bisa baca buku dan majalan yg ada di premium package, ini pengalaman saya yang kedua, dulu sudah pernah juga. GIMANA NI GRAMEDIA, BENERIN DONG APLIKASINYA"
"1626441946-92","https://play.google.com/store/apps/details?id=com.appsfoundry.scoop&showAllReviews=true","Terima kasih.. Jangan naikan harganya jangan ubah ketentuannya.. Di sini saya bisa memuaskan hasrat saya untuk baca buku dengan harga murah.. Terimakasih banyak"
"1626441946-119","https://play.google.com/store/apps/details?id=com.appsfoundry.scoop&showAllReviews=true","sangat membantu"
"1626441946-110","https://play.google.com/store/apps/details?id=com.appsfoundry.scoop&showAllReviews=true","Mohon infonya kenapa tidak bisa unduh apapun ya, padahal berhasil untuk berlangganan 😿😿"
"1626441946-132","https://play.google.com/store/apps/details?id=com.appsfoundry.scoop&showAllReviews=true","Saya sudah berhasil bayar majalah 45k, terus kenapa ngga bisa di unduh. Padahal mau buat tugas presentasi besok, minta bantuannya caranya gimana biar ke unduh.."
"1626441946-115","https://play.google.com/store/apps/details?id=com.appsfoundry.scoop&showAllReviews=true","Tugas bisa dibuka di Gramedia Digital ini"
"1626441946-172","https://play.google.com/store/apps/details?id=com.appsfoundry.scoop&showAllReviews=true","Saya kecewa deh, saya beli e-book 78resep mpasi katanya berlaku 1bulan. Baru 3hari sudah gk bisa dibuka lagi, mana e-book nya belum semua dibaca. Lain kali kasih tau kalau memang programnya gk bisa sampai 1 bulan biar kita gk jadi beli. Dan bilang mau diproses ternyata gk bisa!!"
"1626441946-200","https://play.google.com/store/apps/details?id=com.appsfoundry.scoop&showAllReviews=true","Saya sudah membeli 5 ebook via aplikasi gramedia digital dan sudah melunasinya. Tetapi saya tidak bisa mendownload file tersebut ke perangkat saya. Tidak ada keterangan apapun di aplikasi tentang ini. Masa harga ebook (yang gak bisa terdownload device) sama buku cetak hampir sama sih ? Tolong beri s...Ulasan Lengkap"
"1626441946-148","https://play.google.com/store/apps/details?id=com.appsfoundry.scoop&showAllReviews=true","Aplikasi tidak bisa dibuka, keluar terus"
"1626441946-118","https://play.google.com/store/apps/details?id=com.appsfoundry.scoop&showAllReviews=true","Trimkasih kerja kerasnya.."
"1626441946-176","https://play.google.com/store/apps/details?id=com.appsfoundry.scoop&showAllReviews=true","Saran boleh ya, 1. Tambahin menu Wishlist, supaya bisa simpan buku/judul buku yang akan dibaca selanjutnya. 2. Tambahin vitur highlighter pen, supaya bisa menandai kata-kata/tulisan yang penting. 3. Tambahin dark mode, supaya lebih enak kalau baca di malam hari. Itu dulu aja sih"
"1626441946-121","https://play.google.com/store/apps/details?id=com.appsfoundry.scoop&showAllReviews=true","Kg bisa di pinjem + harus banyar"
"1626441946-135","https://play.google.com/store/apps/details?id=com.appsfoundry.scoop&showAllReviews=true","sekarang udh bisa diinstal, tapi bukunya tdk bisa di unduh. padahal udh bayar langganan full premium package.. masih di android S7.. ada aja masalahnya.."
"1626441946-153","https://play.google.com/store/apps/details?id=com.appsfoundry.scoop&showAllReviews=true","Bagus aplikasinya.. tapi sayang harga ebook nya sama dengan harga buku cetak, seharusnya bisa lebih murah karena paper less :"")"
"1626441946-177","https://play.google.com/store/apps/details?id=com.appsfoundry.scoop&showAllReviews=true","Sy sudah transaksi non fiksi sebesar 45.00 pembelian melalui gopay hari ini tgl 23 oktober jam 6.00, tapi proses masih tidak berlanjut. Di keterangan, saya belum berlangganan. Lalu saya coba ulang. Hingga 2x transaksi. Masih juga sama. Memang gak bisa otomatis langsung update yaa? Saya rugi jadinya....Ulasan Lengkap"
"1626441946-203","https://play.google.com/store/apps/details?id=com.appsfoundry.scoop&showAllReviews=true","Suka dengan app ini... Walaupun sebenarnya lebih suka buku dalam bentuk fisik, tapi app ini membantu aku baca buku yang aku mau, yang belum bisa terbit dalam bentuk fisik akibat pandemi ini... Semoga cepet bisa memroduksi buku dalam bentuk fisik lagi ya gramedia... Aamiin"
"1626441946-195","https://play.google.com/store/apps/details?id=com.appsfoundry.scoop&showAllReviews=true","Saya pernah beli buku biografi steve jobs dulu sekali, ketika masa2 awal Scoop. Sekarang buku tersebut sudah tidak muncul lagi ketika di ""search"". Sedangkan di cloud juga pasti ada diurutan paling bawah. Bagaimana caranya saya mencari pembelian saya yg dulu."
"1626441946-155","https://play.google.com/store/apps/details?id=com.appsfoundry.scoop&showAllReviews=true","Hallo, Team Gramedia Digital, Saya sudah berlangganan Non-fiction premium package, tapi kenapa , masih suruh membeli ya, untuk membaca yang ada di list package tersebut?, awal mula berlangganan saya bisa baca semua yg ada di list package tersebut, Tetapi sekarang lebih diarahkan untuk membeli full p...Ulasan Lengkap"
"1626441946-102","https://play.google.com/store/apps/details?id=com.appsfoundry.scoop&showAllReviews=true","Gramedia tolong dong utk buku2 baru nya diubah lagi ke tampilan lama yg bener2 kayak buku di swipe kanan kiri, ga enak banget baca buku tapi scroll ke bawah tuh..."
"1626441946-143","https://play.google.com/store/apps/details?id=com.appsfoundry.scoop&showAllReviews=true","Sayang sudah bayar buku tapi tidak terdownload ebooknya ..apa ini maksutnya ..balikin duit w lah"
"1626441946-166","https://play.google.com/store/apps/details?id=com.appsfoundry.scoop&showAllReviews=true","lengkapi keperluan Debby Henikurniasari nya yaitu yang dionline. Mana yang online?"
"1626441946-99","https://play.google.com/store/apps/details?id=com.appsfoundry.scoop&showAllReviews=true","Tolong donk format buku seperti yang sedia kala, gak usah ala2 epub. Jadi ribet ! Fontnya juga jelek banget, tolong kembalikan seoerti membaca bu yg scrol kanan kiri !! Balikin ke format pdf ! Macam ebook gratisan aja yg ad di internet"
"1626441946-93","https://play.google.com/store/apps/details?id=com.appsfoundry.scoop&showAllReviews=true","Syukurlah saran saya didengar:) ukuran hp itu umumnya 5inch jadi kalau baca buku format .pdf selembar tanpa di-zoom in/zoom out, bisa2 jereng tuh mata. makanya saya minta agar ada fitur reflow text, jadi formatnya tuh kayak baca .epub, ukuran hurufnya bisa kita sesuaikan senyamannya pembaca."
"1626441946-187","https://play.google.com/store/apps/details?id=com.appsfoundry.scoop&showAllReviews=true","Halo, kak. Beberapa malam kemarin sudah berhasil bayar langganan full premium package, tapi kok semua buku masih terkunci ya... Mohon pencerahannya yaa. Sudah email ke cs, tapi belum ada tanggapan. Terima kasih"
"1626441946-173","https://play.google.com/store/apps/details?id=com.appsfoundry.scoop&showAllReviews=true","Saya tahu anda tetaplah business monster yang dipikiran anda selalu uang,dengan menggunakan CC sebagai metode pembayaran anda ingin memaksa member anda membayar tiap bulan, padahal loyalitas tidak bisa dipaksakan, ini bukan USA bung! Kalau anda ingin tidak terdisrupsi maka "" Think Globally, Act loca...Ulasan Lengkap"
"1626441946-97","https://play.google.com/store/apps/details?id=com.appsfoundry.scoop&showAllReviews=true","Aplikasi ini bagus banget jujur >_< aplikasi ini memudahkan kita, para pembaca yang lebih suka membaca di hp daripada di novel. Rekomen banget pake aplikasi ini😊 segala macam fitur yang ada di aplikasi ini mudah untuk digunakan oleh semua kalangan umur👍 Akses masuk ke dalam aplikasi juga mudah ban...Ulasan Lengkap"
"1626441946-185","https://play.google.com/store/apps/details?id=com.appsfoundry.scoop&showAllReviews=true","Saya sudah lama berlangganan akun Premium Gramedia Online. Tapi akhir-akhir ini saya kecewa karena susah sekali bahkan hanya untuk mengunduh koran Kompas. Seringkali muncul tombol BELI (padahal sudah berlangganan) atau ada tombol UNDUH namun tidak bisa diunduh. Sudah sering saya me-refresh aplikasin...Ulasan Lengkap"
"1626441946-100","https://play.google.com/store/apps/details?id=com.appsfoundry.scoop&showAllReviews=true","Mau berlangganan susahnya minta ampun. Padahal sudah beli voucher via Shopee. Setiap klik metode pembayaran, langkah selanjutnya ndak pernah muncul."
"1626441946-156","https://play.google.com/store/apps/details?id=com.appsfoundry.scoop&showAllReviews=true","Halo gramedia,aq udah beli buku melalui via mastercard,buku yg aq beli tidak kunjung ada di koleksiku,udah mngadukan x melalui via email ,di suruh membuktikan schrenshot bukto pembayaran melalui via playstore sedangkan aq bayar pej via mastercard ada bukti pembayarannya ,bukti penarikan dari rekenin...Ulasan Lengkap"
"1626441946-141","https://play.google.com/store/apps/details?id=com.appsfoundry.scoop&showAllReviews=true","Koleksi bukunya kurang lengkap terus susah nyari bukunya, ribet nyari kata kuncinya"
"1626441946-161","https://play.google.com/store/apps/details?id=com.appsfoundry.scoop&showAllReviews=true","Proses pengambilan dana tuh berapa lama ya??? Order tgl 25-4-20. Buku sampai tgl 4-5-20 dengan harus tanya lebih sering k katanya proses pengiriman Senin-Jumat. Setelah buku sampai ternyata gak komplit. Akhirnya tgl 4-5-20 membuat persyaratan u pengajuan pengembalian dana. Sampai sekrg, sudah berkal...Ulasan Lengkap"
"1626441946-147","https://play.google.com/store/apps/details?id=com.appsfoundry.scoop&showAllReviews=true","Tidak bisa membuat langganan dengan linkaja.macet"
"1626441946-168","https://play.google.com/store/apps/details?id=com.appsfoundry.scoop&showAllReviews=true","Sekarang pembayaran harus pake credit card. Ini menghambat banget buat pecinta buku seperti saya yg g punya credit card. Tolong dipertimbangkan lagi ya, paling g bsa bayar via transfer ATM deh. Karena g semua orang punya credit card."
"1626441946-136","https://play.google.com/store/apps/details?id=com.appsfoundry.scoop&showAllReviews=true","Kok sekarang gk bisa di buka katanya gk bisa ke hubung sama server, tapi connection nya dilain bisa tuh, tapi sebelum nya bisa."
"1626441946-192","https://play.google.com/store/apps/details?id=com.appsfoundry.scoop&showAllReviews=true","Sy mau install di tablet android (10"") sy, tapi ada tulisannya: ""Perangkat Anda tidak kompatible dengan versi ini"". Pdhl sy sdh biasa membaca tpi didevice (hp) cuma tulisannya kecill, mau pindah ke tablet tpi malah gk bs.. Mohon dibantu/update (pdhl diweb gramed sndri bilang bs diinstall utk tablet ...Ulasan Lengkap"
"1626441946-131","https://play.google.com/store/apps/details?id=com.appsfoundry.scoop&showAllReviews=true","Kenapa harga buku gramedia digital dgn buku aslinya kok harganya sama harusnya digital lebih murah karena tdk ada cetak buku,dan saran saya agar buku yg sudah di beli bisa di simpan di memori HP"
"1626441946-180","https://play.google.com/store/apps/details?id=com.appsfoundry.scoop&showAllReviews=true","Mungkin kalo memang meniru system subscription untuk ebook seperti Amazon, mending jiplak sekalian systemnya. Gak ada tag untuk bedain mana ebook premium subs, format pdfscan yang menyulitkan karena margin yg besar jadi harus zoom in zoom out. Tapi overall udah di jalan yg bener, tinggal di improve ...Ulasan Lengkap"
"1626441946-179","https://play.google.com/store/apps/details?id=com.appsfoundry.scoop&showAllReviews=true","Saya ga tau harus mulai dari mana, ......... @tpmtpm_ | Ralat setelah dilayani: Sekarang Sudah baik lagi akun saya, sy langsung di dm di ig saya, langsung di perbaiki oleh pihak gramedia. Nih, kalau kawan ada kendala, dm ig nya @gramediadigital langsung di respon dan diperbaiki oleh pihak gramedia. ...Ulasan Lengkap"
"1626441946-171","https://play.google.com/store/apps/details?id=com.appsfoundry.scoop&showAllReviews=true","Sangat Menyebalkan... biasa transaksi dg Gopay.. utk beli ebook di Gramedia Digital.. e... koq sekarang malah dihapus sih.. pembayaran via Gopay... Mau pindah ke Link aja.. duh dapat kode verifkasi nya SUSAH AMAT... dah di ulang 3x tetep aja ga bs... SANGAT MEMYEBALKAN..."
"1626441946-198","https://play.google.com/store/apps/details?id=com.appsfoundry.scoop&showAllReviews=true","Saya sudah mengisi data diri dg teliti, tapi kenapa setelah registrasi berhasil, data diri yg ditampillan di profil adalah data diri yg tidak benar . Tgl lahir saya jadi 1 nov 1970. Saya ulangi lagi registrasi , tapi hasilnya sama. Ketika registrasi berhasil tgl lahir yg ditampilkan di profil saya a...Ulasan Lengkap"
"1626441946-111","https://play.google.com/store/apps/details?id=com.appsfoundry.scoop&showAllReviews=true","Aq beli koran rakyat merdeka 20 April kok yg bisa d download malh edisi lainnn q butuhny edisi itu ngg butuh yg lain"
"1626441946-169","https://play.google.com/store/apps/details?id=com.appsfoundry.scoop&showAllReviews=true","Apps masih jelek, kayak game pay to win.. saya sudah beli/berlangganan koran tribun Batam, saya beli pada opsi periode 8 Februari 2019, eh ternyata saya hanya bisa buka koran yang mulai 1 Minggu belakangan. Saya malah tidak bisa buka koran yg saya inginkan, ketika saya mau buka... Eh disuruh beli la...Ulasan Lengkap"
"1626441946-125","https://play.google.com/store/apps/details?id=com.appsfoundry.scoop&showAllReviews=true","Ini gmana to saya sudah beli bukunya dengan transfer dan sudah terima receipt tp ketika saya buka, blm bs dibaca dan masih tertulis harus beli. Ini kenapa? Kalau gak bs dibrli tolong kembalikan uang saya. Terimakasih"
"1626441946-174","https://play.google.com/store/apps/details?id=com.appsfoundry.scoop&showAllReviews=true","Pembayaran lewat gopay gak bisa, jadi lebih sulit. Mana beli lewat google play ribet, mau lapor cs dulu baru d proses. Kembalikan pembayaran lewat gopay lagi, biar gak ribet kyk gini. Btw, kalau ad complain mending ke ig dripd email, lbh cepat d respon drpd email."
"1626441946-138","https://play.google.com/store/apps/details?id=com.appsfoundry.scoop&showAllReviews=true","Kenapa sekarang metode pembayarannya cuma ada visa/mastercard tidak ada virtual account"
"1626441946-126","https://play.google.com/store/apps/details?id=com.appsfoundry.scoop&showAllReviews=true","Halo, Gramedia. Ini kenapa ya saya nggak bisa akses GD? Selalu ada pemberitahuan pembatasan akses aplikasi. Apakah ini memang dari aplikasinya atau hp saya yang bermasalah, ya? Terima kasih"
"1626441946-122","https://play.google.com/store/apps/details?id=com.appsfoundry.scoop&showAllReviews=true","Saya tidak dapat download, download awalnya berjalan, tetapi selalu mandeg di bagian yang sama (hal tersebut juga berlaku untuk buku yang lainnya), 4 jam tidak bergerak samasekali. Sudah memakai jaringan lain ternyata juga tidak berubah (padahal untuk download film lancar). Note: masalah selesai den...Ulasan Lengkap"
"1626441946-190","https://play.google.com/store/apps/details?id=com.appsfoundry.scoop&showAllReviews=true","Sistem pembayaran kacau. 2 kali subs, keduanya kacau. Bulan lalu tanggal 2 april transfer lewat dana, diurus tanggal 6 dan tanggal 8 april baru aktif. Sekarang tanggal 4 mei 2020 belum 1 bulan udah habis subs premiumnya. Mau melapor juga malas, dari yang sudah-sudah slow respon minta ampun. Take dow...Ulasan Lengkap"
"1626441946-109","https://play.google.com/store/apps/details?id=com.appsfoundry.scoop&showAllReviews=true","Saya kirim email komplain kenapa ga dibales bales ya.."
"1626441946-133","https://play.google.com/store/apps/details?id=com.appsfoundry.scoop&showAllReviews=true","Kasih fitur Highligt dong, biar bisa ngasih tanda kalimat2 pentingnya. Pengaturan pencahayaannya udah ada sih, tapi masih kurang redup, masih bikin mata cepat lelah."
"1626441946-101","https://play.google.com/store/apps/details?id=com.appsfoundry.scoop&showAllReviews=true","lumayan bagus, cukup lengkap semoga kedepannya di tambah koleksi buku bukunya terutama buku dlm bahasa inggris"
"1626441946-116","https://play.google.com/store/apps/details?id=com.appsfoundry.scoop&showAllReviews=true","Masih belum begitu nyaman menggunakan aplikasikan. Saran : Opsi animasi slide halaman krn cukup melelahkan utk swipe terus terhadal ratusan halaman buku, hadirkan fitur sorting berdasarkan tanggal atau nama dan progress bacaan di koleksiku, beberapa buku masih harus dibeli padahal sudah premium."
"1626441946-98","https://play.google.com/store/apps/details?id=com.appsfoundry.scoop&showAllReviews=true","Saya habis beli fullyearpremium package 1 year Rp.989.000 tapi sampai saat ini belum berhasil...akun belum berubah..saldo google play sudah kepotong...email ke customer service belum di respon.."
"1626441946-165","https://play.google.com/store/apps/details?id=com.appsfoundry.scoop&showAllReviews=true","Sudah bisa download tapi belum coba digunakan, kalau aplikasinya ok ditambah lagi bintangnya."
"1626441946-183","https://play.google.com/store/apps/details?id=com.appsfoundry.scoop&showAllReviews=true","Melalui aplikasi ini, Gramedia terlihat sangat tidak user friendly bahkan menjurus ke sengaja mempersulit konsumen digital. Saya sebagai pembeli premium tidak ditunjukkan bacaan mana yang harus dibeli satuan dan bacaan mana yang sudah dibeli secara paket. Panduan itu penting supaya konsumen tau nila...Ulasan Lengkap"
"1626441946-90","https://play.google.com/store/apps/details?id=com.appsfoundry.scoop&showAllReviews=true","Perlu banyak perbaikan.. Mau coba yang premium pake mandiri virtual account selalu tertolak karena katanya expired.. Mau pake gopay ga ada terjadi apa-apa.. Edit profile hanya no telp.. Baca dengan mode landscape ga bisa tampil perhalaman tapi harus dua halaman dan ga ada setting nya.. Layar selalu ...Ulasan Lengkap"
"1626441946-175","https://play.google.com/store/apps/details?id=com.appsfoundry.scoop&showAllReviews=true","Bagaimana caranya saya bisa membaca Ebook yg sudah dibeli agar bisa dibaca di google play book? Baca di aplikasi gramedia sangat sangat tidak nyaman. Tidak ada pengaturan besar kecil sama sekali. Rugi sekali beli ebook di aplikasi gramedia. Kalau begitu bisa gak dibatalkan pembeliannya? Saya mau bel...Ulasan Lengkap"
"1626441946-164","https://play.google.com/store/apps/details?id=com.appsfoundry.scoop&showAllReviews=true","Akun premium kirain bisa baca semua tanpa terkecuali. Eh ternyata hanya penerbit Gramedia aja. Kenapa coba gak dijelaskan kalau maksud ""SEMUA"" itu ternyata gak semuanya. Pertama dan terakhir deh beli disini. Mending nunggu promo aja, lagipula lebih baik buku fisik drpada e-book. Udh habis kuota, mem...Ulasan Lengkap"
"1626441946-127","https://play.google.com/store/apps/details?id=com.appsfoundry.scoop&showAllReviews=true","Banyak promonya, banyak buku yang saya suka bisa di unduh tapi kalau tidak sering update sering lambat loding sampai 10 menit lebihlah, ternyata buku hasil unduhanpun penyimpanan di aplikasi gak di internal langsung harus buka aplikasi lagi kalau mau baca jadinya"
"1626441946-160","https://play.google.com/store/apps/details?id=com.appsfoundry.scoop&showAllReviews=true","Hai, menurut saya ini aplikasinya sudah hampir bagus, lebih bagus lagi di tambah tahun bulan tanggal terbitannya dan di mudahkan untuk searching seperti di perbanyak lagi filter nya dan di update lagi buku"" yang baru keluar bulan ini. Tadi saya sudah nyari buku yang saya cari tapi tidak ada, gimana ...Ulasan Lengkap"
"1626441946-163","https://play.google.com/store/apps/details?id=com.appsfoundry.scoop&showAllReviews=true","Bismillah. Semoga apk nya bagus ya kak. Soalnya baru download"
"1626441946-150","https://play.google.com/store/apps/details?id=com.appsfoundry.scoop&showAllReviews=true","Apl nya tidak bisa dibuka ."
"1626441946-144","https://play.google.com/store/apps/details?id=com.appsfoundry.scoop&showAllReviews=true","Download bukunya ko lama banget ya? Padahal udah pake wifi :("
"1626441946-178","https://play.google.com/store/apps/details?id=com.appsfoundry.scoop&showAllReviews=true","fitur2 ebooknya dilengkapi lg agar pembaca tetap bisa mendapatkan pengalaman yg sama seperti membaca buku cetak. Terutama highlighter dan notes. Tambahin itu aja dulu deh serius. Lebih bagus lagi kalo highlight dan notes bisa disinkronkan dg cloud tertentu. Yg lain2: edit profil, wishlisht, night mo...Ulasan Lengkap"
"1626441946-134","https://play.google.com/store/apps/details?id=com.appsfoundry.scoop&showAllReviews=true","Kalau bisa background gramedia digital book seperti googlebook, hitam sehingga tidak menyilaukan mata yang membaca lama. Silau bikin mata cepat lelah.... Selebihnya formatnya baguuusss...."
"1626441946-137","https://play.google.com/store/apps/details?id=com.appsfoundry.scoop&showAllReviews=true","cukup sekali pake apps ini. dan ngk mo instal lagi lagi. hiks. kecewha. sekian dan terima kasih."
"1626441946-130","https://play.google.com/store/apps/details?id=com.appsfoundry.scoop&showAllReviews=true","Sebel sih karena pas qt langganan qt masih tetep gak bisa download buat save, kek sia2 aja gitu... Hanya bisa baca doang tapi gak bisa di save/unduh. Harganya sama pula kek buku cetaknya."
"1626441946-124","https://play.google.com/store/apps/details?id=com.appsfoundry.scoop&showAllReviews=true","PLEASE ADD NIGHT MODE ( DARK THEME ) Overall ,Koleksi bukunya bagus namun ada beberapa saran & kritik lain yang saya harap setidaknya dipertimbangkan developer terkait kenyamanan untuk pembacaan buku. Mohon lebih dioptimalkan dengan mode malam, efek ganti halaman, dll"
"1626441946-194","https://play.google.com/store/apps/details?id=com.appsfoundry.scoop&showAllReviews=true","Jadi ragu pakenya, banyak review yg udah bayar premium malah banyak masalahnya, ujung-ujung diminta laporan ke email. Lah kan komentar di sini juga harusnya sama saja, tinggal kalian laporkan dan perbaiki."
"1626441946-106","https://play.google.com/store/apps/details?id=com.appsfoundry.scoop&showAllReviews=true","1. Saya mengalami kesulitan untuk merubah email saya yang salah tulis 2. Tidak ada costumer service yg available, saya bingung mau tanya tanya kemana Sekian,semoga bisa jadi masukan tuk perbaikan"
"1626441946-202","https://play.google.com/store/apps/details?id=com.appsfoundry.scoop&showAllReviews=true","Ternyata hanya bisa dibaca di apps Gramedia digital saja. Percuma jika tidak bisa diunduh file pdf nya. Tidak bisa dicetak, sehingga tidak bisa dijadikankan referensi penelitian dalam bentuk fisik. Padahal sudah bayar dengan go pay. Harganya pun jauh lebih mahal dibanding google play buku"
"1626441946-184","https://play.google.com/store/apps/details?id=com.appsfoundry.scoop&showAllReviews=true","Koleksi buku novel mohon di perlengkap..penulis2 terkenal banyak yg gak ada di sini..jadi kami yg jauh dari indonesia susah mendapatkan buku2nya..harapan satu2nya yaa via app seperti ini..tp saya searching di app ini gak ada penulis2 dan novel yg saya cari..padahal buku nya sangat familiar dan terke...Ulasan Lengkap"
"1626441946-199","https://play.google.com/store/apps/details?id=com.appsfoundry.scoop&showAllReviews=true","sudah 2 kali terjadi demikian, ada tulisan aplikasi berhenti, jadi ga bisa buka aplikasi, pdhl baru bayar dan download buku2. masak ulang dr awal lagi unduhnya, habisin data saja ya."
"1626441946-201","https://play.google.com/store/apps/details?id=com.appsfoundry.scoop&showAllReviews=true","Pikir saya artikelnya bisa di copas, atau dapet file pdfnya, ternyata tidak. Kita udah beli mahal mahal gak bisa di copy texnya. Bahkan sekedar screenshoot pun tidak bisa...😒 Yg kita dapat hanya membaca doang. itupun harus menggunakan aplikasi ini. Ketika buka artikel juga lemot. Saran saya bagi yg...Ulasan Lengkap"
"1626441946-89","https://play.google.com/store/apps/details?id=com.appsfoundry.scoop&showAllReviews=true","Overall bagus, gramedia digital memberi opsi langganan untuk masyarakat yang hanya ingin membaca buku tanpa harus membeli ebook yang harganya hampir serupa dengan harga buku cetaknya. Cuma pertama kali aku kira dengan berlangganan paket full premiumnya, kita bisa akses semua buku fiksi dan nonfiksi ...Ulasan Lengkap"
"1626441946-188","https://play.google.com/store/apps/details?id=com.appsfoundry.scoop&showAllReviews=true","Parah udh beli yg full premium, tapi hanya beberapa yg bisa di baca, seharusnya kalo full premium semuanya bisa di baca, tidak perlu bayar lg, dan akhir akhir ini aplikasi nya sering "" Tidak dapat terhubung ke server, silahkan cek koneksi anda"" Padahal sinyal bagus, pake wifi pula masa error dari se...Ulasan Lengkap"
"1626441946-88","https://play.google.com/store/apps/details?id=com.appsfoundry.scoop&showAllReviews=true","Inilah solusi yang saya cari selama ini, berlangganan banyak buku perbulan tanpa harus beli, buat gramedia tolong dilengkapin lagi bukunya ya... Mantap surantaap buat teman teman yang punya masalah yang sama dengan saya jangan ragu lagi silahkan di donlot app ini..."
"1626441946-162","https://play.google.com/store/apps/details?id=com.appsfoundry.scoop&showAllReviews=true","Tanggal 13 sept 18 melakukan pemesanan utk yg tanggal 05 sept 18, setelah bayar, ebook yang masuk tanggal 06 sept 18. Komplain ke CS muter2 jawaban sama semua alasan tdk bisa beli yg terdahulu, bisapun maksimal hanya 7 hari yaitu tanggal 06 sept 18. Kalau begitu kenapa TOMBOL BELI DITANGGAL 05 SEPT ...Ulasan Lengkap"
"1626441946-105","https://play.google.com/store/apps/details?id=com.appsfoundry.scoop&showAllReviews=true","Untuk list buku yang bisa di baca premium bisa lebih banyak lagi, sama yang mau baca lewat PC agar di sediakan versi webnya"
"1626441946-159","https://play.google.com/store/apps/details?id=com.appsfoundry.scoop&showAllReviews=true","Bukunya lengkap dan bagus tapi font halaman tidak bisa disesuaikan untuk bisa dibaca nyaman di ponsel. Tampilan bukunya jelas jelas cuma hasil scan :( Padahal bayar tapi reading experience-nya zonk. Semoga bisa diperbaiki"
"1626441946-108","https://play.google.com/store/apps/details?id=com.appsfoundry.scoop&showAllReviews=true","Ga bisa daftar, padahal mau beli paket premium nya lewat shopee... Uninstall aja jadinya"
"1626441946-87","https://play.google.com/store/apps/details?id=com.appsfoundry.scoop&showAllReviews=true","Hai kak, digramedia digital bagus sekali fitur fiturnya. Tapi sepertinya akan lebih bagus lagi jika ada e-book novel. Saya sebagai reader novel pasti akan sangat suka dengan hal itu. Terimakasih"
"1626441946-146","https://play.google.com/store/apps/details?id=com.appsfoundry.scoop&showAllReviews=true","Luar biasa, sangat membantu"
"1626441946-149","https://play.google.com/store/apps/details?id=com.appsfoundry.scoop&showAllReviews=true","Semoga saja aplikasi ini membatu"
"1626441946-95","https://play.google.com/store/apps/details?id=com.appsfoundry.scoop&showAllReviews=true","Mohon aplikasinya diperbaiki, mengunduhnya sering sekali gagal, dan tidak langsung memulai pengunduhan saat diklik, butuh menunggu beberapa waktu"
"1626441946-140","https://play.google.com/store/apps/details?id=com.appsfoundry.scoop&showAllReviews=true","Saya jika anda ingin membeli ebook untuk orang lain, sebaiknya suruh orang tersebut untuk beli sendiri, karena file hanya bisa diakses lewat app dan file tidak dapat di transfer ke orang lain. Dasar app CACAD"
"1626441946-189","https://play.google.com/store/apps/details?id=com.appsfoundry.scoop&showAllReviews=true","Hubungin ke akun Facebook, eh jenis kelamin dipaksa Perempuan. Warna abu2. Seting TTL juga ribet sekali. Semakin tua orangnya mungkin semakin pegel geser tanggalnya. Setelah profil dikonfirmasi ternyata ga bisa diedit lagi. Sejauh ini ga ngaruh sih dengan pembelian. Cuma agak ga sreg aja profilnya g...Ulasan Lengkap"
"1626441946-154","https://play.google.com/store/apps/details?id=com.appsfoundry.scoop&showAllReviews=true","Aplikasi sudah bagus dan sangat bermanfaat bagi para penggemar pembaca buku (salah satunya Paketan-nya) Saran kedepannya, Tolong Gramedia membuat sebuah Ebook Reader (seperti Kindle) atau Ebook dapat disambungkan dengan Ebook Reader selain Kindle. Karena mata lumayan pedih jika membaca di layar Mobi...Ulasan Lengkap"
"1626441946-123","https://play.google.com/store/apps/details?id=com.appsfoundry.scoop&showAllReviews=true","Mohon kalau bisa buku digital tampilannya seperti ebook biasanya, yang bisa swipe seperti membuka halaman baru. Bukan seperti tampilan pdf biasa. Dan kalau bisa diberikan index sesuai daftar isi. Jadi apabila ingin loncat k bab berapa langsung bisa."
"1626441946-158","https://play.google.com/store/apps/details?id=com.appsfoundry.scoop&showAllReviews=true","Tampilannya bikin ga betah. Fiturnya masih kurang lengkap. Dan masih banyak kekurangannya."
"1626441946-167","https://play.google.com/store/apps/details?id=com.appsfoundry.scoop&showAllReviews=true","bagus sih.. gramedia versi digital.. tp beli bukunya harus via bank/atm gitu.. coba ada alternatif bayar di indomaret/alfamart kaya di toko online lazada.. pasti banyak pelajar dengan mudah beli buku online.. kan pelajar mah belom punya kartu atm/bank atuh..."
"1626441946-142","https://play.google.com/store/apps/details?id=com.appsfoundry.scoop&showAllReviews=true","Kok ga bisa dibuka ini aplikasinya,, hpku oppo reno 5 kok ga bisa buka aplikasi"
"1626441946-151","https://play.google.com/store/apps/details?id=com.appsfoundry.scoop&showAllReviews=true","Saya membeli salah satu buku dari Aplikasi ini tetapi bukunya tetap tidak bisa saya akses dan tidak masuk dalam riwayat transaksi saya. Saya sudah melapor tapi tetap tidak ada jawaban dari pihak Gramedia Digital. Sangat tidak profesional."
"1626441946-181","https://play.google.com/store/apps/details?id=com.appsfoundry.scoop&showAllReviews=true","tolong tambahin fitur pendukung lagi, biar lebih nyaman baca.. kayak filter cahaya biru yg bisa diatur, pemilihan warna kertas, kamus, pilihan search istilah.. sama tambahin lebih banyak pilihan buku populer dan referensi.. ok? sistem subscribenya juga diperbaiki biar langsung bisa diakses setelah b...Ulasan Lengkap"
"1626441946-193","https://play.google.com/store/apps/details?id=com.appsfoundry.scoop&showAllReviews=true","Udah beli, mau buka ga bisa, lapor dulu via ig baru bisa. Giliran baca mau pindah halaman malah keluar ke koleksi, bikin capek, malah nyusahin. Analoginya, buku sudah dibaca setiap mau ganti eh bukunya balik ke lemari buku, mau lanjutin buku ak harus pilih dilemari lalu buka lagi. Capek boss!!!"
"1626441946-139","https://play.google.com/store/apps/details?id=com.appsfoundry.scoop&showAllReviews=true","Saya telah membeli paket tetapi buku tidak dapat di download, mohon pencerahannya"
"1626441946-191","https://play.google.com/store/apps/details?id=com.appsfoundry.scoop&showAllReviews=true","Saya sudah melakukan pembayaran untuk non fiction premium package pada tanggal 12 November 2020 kemarin, namun hingga saat ini akun premium yang saya beli masih belum aktif dan saya masih tidak bisa mengakses buku-buku non fiksi, padahal saya sangat membutuhkannya segera. Ketidak otomatisan sistem i...Ulasan Lengkap"
"1626441946-206","https://play.google.com/store/apps/details?id=com.appsfoundry.scoop&showAllReviews=true","saya pengguna dari 2016. aplikasi ini sangat membantu pekerjaan saya yg bekerja di media monitoring berita. Namun ketika ada kebijakan disabled screenshot, pekerjaan saya menjadi terhambat karna tidak bisa memenuhi permintaan client untuk monitoring berita secara epaper based. mohon di pertimbangkan...Ulasan Lengkap"
"1626441946-94","https://play.google.com/store/apps/details?id=com.appsfoundry.scoop&showAllReviews=true","Aplikasinya sudah lumayan baik. Namun ada hal krusial yang perlu ditingkatkan. Pada katalog buku, seharusnya diberikan penanda buku yang masuk ke dalam subscription dan tidak. Ketika saya sudah berlangganan, ternyata ada buku yang saya ingin baca tidak masuk dalam paket subscription. Pelanggan baru ...Ulasan Lengkap"
"1626441946-96","https://play.google.com/store/apps/details?id=com.appsfoundry.scoop&showAllReviews=true","hai gramedia yang paling kucintai, semoga kalian membaca ini ya 😘. Saya tadi sedang beli paket premium pake saldo google play, pas sudah membeli paket tersebut tiba-tiba ada bacaan muncul ""Payment Invalid"". Nah MASALAHNYA NIH, SALDO GOOGLE PLAY SAYA LUDES, ITU SALDO SAYA KEMANA DAN PAKETNYA GAK TER...Ulasan Lengkap"
"1626441946-186","https://play.google.com/store/apps/details?id=com.appsfoundry.scoop&showAllReviews=true","Sekarang kenapa ya klo berlangganan ga langsung aktif otomatis. Pdhl saldo sudah kepotong. Jadi nya sekarang tiap saya berlangganan, sya selalu krm email ke CS gramedia untuk minta di aktifkan premiumnya. Walau fast respon CS nya. Tp masa sih tiap mw di aktifin,sya hrs krm email ke CS trs."
"1626441946-117","https://play.google.com/store/apps/details?id=com.appsfoundry.scoop&showAllReviews=true","Makasih atas e-booknya!"
"1626441946-204","https://play.google.com/store/apps/details?id=com.appsfoundry.scoop&showAllReviews=true","baru pertanya kali download. mau beli tapi bingung tidak dijelaskan ttg ""full premium package atau single edition. Apa beda keduanya ? edited : tambahkan juga fitur wishlist donk."
"1626441946-114","https://play.google.com/store/apps/details?id=com.appsfoundry.scoop&showAllReviews=true","Aplikasi di handphone Samsung 50s tidak bisa dibuka. Dulu padahal bisa dan saya sering langganan"
"1626441946-182","https://play.google.com/store/apps/details?id=com.appsfoundry.scoop&showAllReviews=true","SANGAT MENGECEWAKAN. SEKARANG PEMBELIAN HARUS MELALUI KARTU KREDIT. SAYA UDAH NUNGGU DARI BULAN OKTOBER. SAYA PIKIR MAU ADA PERUBAHAN. PADAHAL SUDAH BANYAK KELUHAN YANG MASUK TAPI GA DIGUBRIS AMA PIHAK GRAMEDIANYA. BUKANNYA SEGERA DIPERBAIKI SISTEMNYA AGAR BISA MEMBAYAR VIA INDOMARET. AH SUDAH LAH. ...Ulasan Lengkap"
